etape,id_batiment,type_batiment,is_uninhabited,prises,cost_before,time_before,cat_score,score,score_parts_cpp_n,score_parts_tpp_n,score_parts_p_n,score_parts_c_n,score_penalty,infrastructures,repaired_infras,step_cost,step_time,euro_per_prise_marginal,h_per_prise_marginal,cost_cum,time_cum,prises_cum,note
1,E000085,hôpital,0,1,18483.264358941567,77.91654959839335,0.0,0.32062818245995156,0.31792833633429113,0.25782089505618916,0.0,0.20732078509091045,1.0,"['P000181', 'P000365', 'P000394', 'P000395', 'P005500', 'P007111', 'P007447', 'P007982', 'P007990']","['P005500', 'P007447', 'P007990']",18483.264358941567,77.91654959839335,18483.264358941567,77.91654959839335,18483.264358941567,77.91654959839335,1,
2,E000106,école,0,1,8436.518516833148,44.43638509657634,0.5,0.6551549745135239,0.14511550797641673,0.1470371652455341,0.0,0.09462969356371911,1.0,"['P000181', 'P000365', 'P000394', 'P000395', 'P001391', 'P005500', 'P007111', 'P007752', 'P007982', 'P007990']","['P007752', 'P001391']",8436.518516833148,44.43638509657634,8436.518516833148,44.43638509657634,26919.782875774716,122.35293469496969,2,
3,E000011,habitation,0,8,0.0,0.0,1.0,0.8,0.0,0.0,1.0,0.0,1.0,"['P000352', 'P007111', 'P007321', 'P007982']",[],0.0,0.0,0.0,0.0,26919.782875774716,122.35293469496969,10,
4,E000043,habitation,0,8,0.0,0.0,1.0,0.8,0.0,0.0,1.0,0.0,1.0,"['P000160', 'P000308', 'P000347', 'P007111', 'P007135', 'P007983']",[],0.0,0.0,0.0,0.0,26919.782875774716,122.35293469496969,18,
5,E000045,habitation,0,8,0.0,0.0,1.0,0.8,0.0,0.0,1.0,0.0,1.0,"['P000181', 'P000256', 'P000334', 'P000394', 'P000395', 'P007111', 'P007287', 'P007982']",[],0.0,0.0,0.0,0.0,26919.782875774716,122.35293469496969,26,
6,E000057,habitation,0,8,0.0,0.0,1.0,0.8,0.0,0.0,1.0,0.0,1.0,"['P000020', 'P000148', 'P000160', 'P000301', 'P000348', 'P007111', 'P007319', 'P007983']",[],0.0,0.0,0.0,0.0,26919.782875774716,122.35293469496969,34,
7,E000074,habitation,0,8,0.0,0.0,1.0,0.8,0.0,0.0,1.0,0.0,1.0,"['P000160', 'P000209', 'P000308', 'P000347', 'P007111', 'P007252', 'P007983']",[],0.0,0.0,0.0,0.0,26919.782875774716,122.35293469496969,42,
8,E000088,habitation,0,8,0.0,0.0,1.0,0.8,0.0,0.0,1.0,0.0,1.0,"['P000181', 'P000256', 'P000258', 'P000267', 'P000334', 'P000394', 'P000395', 'P007111', 'P007366', 'P007982']",[],0.0,0.0,0.0,0.0,26919.782875774716,122.35293469496969,50,
9,E000089,habitation,0,8,0.0,0.0,1.0,0.8,0.0,0.0,1.0,0.0,1.0,"['P000181', 'P000256', 'P000258', 'P000267', 'P000334', 'P000394', 'P000395', 'P007111', 'P007357', 'P007982']",[],0.0,0.0,0.0,0.0,26919.782875774716,122.35293469496969,58,
10,E000094,habitation,0,8,0.0,0.0,1.0,0.8,0.0,0.0,1.0,0.0,1.0,"['P000103', 'P000181', 'P000256', 'P000267', 'P000334', 'P000394', 'P000395', 'P007111', 'P007211', 'P007982']",[],0.0,0.0,0.0,0.0,26919.782875774716,122.35293469496969,66,
11,E000100,habitation,0,8,0.0,0.0,1.0,0.8,0.0,0.0,1.0,0.0,1.0,"['P000181', 'P000256', 'P000299', 'P000334', 'P000342', 'P000394', 'P000395', 'P007111', 'P007190', 'P007982']",[],0.0,0.0,0.0,0.0,26919.782875774716,122.35293469496969,74,
12,E000114,habitation,0,8,0.0,0.0,1.0,0.8,0.0,0.0,1.0,0.0,1.0,"['P000147', 'P000181', 'P000256', 'P000334', 'P000342', 'P000394', 'P000395', 'P007111', 'P007280', 'P007982', 'P007987']",[],0.0,0.0,0.0,0.0,26919.782875774716,122.35293469496969,82,
13,E000137,habitation,0,8,0.0,0.0,1.0,0.8,0.0,0.0,1.0,0.0,1.0,"['P000046', 'P000163', 'P000181', 'P000221', 'P000279', 'P000290', 'P000292', 'P000317', 'P000326', 'P000331', 'P000394', 'P007111', 'P007350', 'P007982']",[],0.0,0.0,0.0,0.0,26919.782875774716,122.35293469496969,90,
14,E000142,habitation,0,8,0.0,0.0,1.0,0.8,0.0,0.0,1.0,0.0,1.0,"['P000046', 'P000163', 'P000181', 'P000279', 'P000290', 'P000292', 'P000317', 'P000394', 'P007111', 'P007372', 'P007982']",[],0.0,0.0,0.0,0.0,26919.782875774716,122.35293469496969,98,
15,E000148,habitation,0,8,0.0,0.0,1.0,0.8,0.0,0.0,1.0,0.0,1.0,"['P000046', 'P000163', 'P000181', 'P000230', 'P000279', 'P000290', 'P000292', 'P000317', 'P000326', 'P000331', 'P000349', 'P000394', 'P007111', 'P007128', 'P007982']",[],0.0,0.0,0.0,0.0,26919.782875774716,122.35293469496969,106,
16,E000152,habitation,0,8,0.0,0.0,1.0,0.8,0.0,0.0,1.0,0.0,1.0,"['P000046', 'P000163', 'P000181', 'P000221', 'P000223', 'P000279', 'P000290', 'P000292', 'P000317', 'P000326', 'P000331', 'P000394', 'P007111', 'P007196', 'P007982']",[],0.0,0.0,0.0,0.0,26919.782875774716,122.35293469496969,114,
17,E000159,habitation,0,8,0.0,0.0,1.0,0.8,0.0,0.0,1.0,0.0,1.0,"['P000046', 'P000163', 'P000166', 'P000181', 'P000279', 'P000290', 'P000292', 'P000317', 'P000394', 'P000403', 'P007111', 'P007341', 'P007982']",[],0.0,0.0,0.0,0.0,26919.782875774716,122.35293469496969,122,
18,E000167,habitation,0,8,0.0,0.0,1.0,0.8,0.0,0.0,1.0,0.0,1.0,"['P000046', 'P000134', 'P000163', 'P000181', 'P000279', 'P000290', 'P000292', 'P000317', 'P000394', 'P007111', 'P007374', 'P007982']",[],0.0,0.0,0.0,0.0,26919.782875774716,122.35293469496969,130,
19,E000169,habitation,0,8,0.0,0.0,1.0,0.8,0.0,0.0,1.0,0.0,1.0,"['P000046', 'P000134', 'P000163', 'P000181', 'P000279', 'P000290', 'P000292', 'P000317', 'P000394', 'P007111', 'P007155', 'P007982']",[],0.0,0.0,0.0,0.0,26919.782875774716,122.35293469496969,138,
20,E000179,habitation,0,8,0.0,0.0,1.0,0.8,0.0,0.0,1.0,0.0,1.0,"['P000046', 'P000084', 'P000134', 'P000153', 'P000163', 'P000181', 'P000253', 'P000279', 'P000290', 'P000292', 'P000296', 'P000317', 'P000372', 'P000394', 'P007111', 'P007256', 'P007982']",[],0.0,0.0,0.0,0.0,26919.782875774716,122.35293469496969,146,
21,E000200,habitation,0,8,0.0,0.0,1.0,0.8,0.0,0.0,1.0,0.0,1.0,"['P000046', 'P000084', 'P000134', 'P000153', 'P000163', 'P000181', 'P000253', 'P000266', 'P000279', 'P000290', 'P000292', 'P000296', 'P000317', 'P000372', 'P000394', 'P007111', 'P007117', 'P007982']",[],0.0,0.0,0.0,0.0,26919.782875774716,122.35293469496969,154,
22,E000208,habitation,0,8,0.0,0.0,1.0,0.8,0.0,0.0,1.0,0.0,1.0,"['P000046', 'P000084', 'P000134', 'P000153', 'P000163', 'P000181', 'P000253', 'P000279', 'P000290', 'P000292', 'P000296', 'P000317', 'P000372', 'P000394', 'P007111', 'P007290', 'P007982']",[],0.0,0.0,0.0,0.0,26919.782875774716,122.35293469496969,162,
23,E000209,habitation,0,8,0.0,0.0,1.0,0.8,0.0,0.0,1.0,0.0,1.0,"['P000046', 'P000084', 'P000134', 'P000153', 'P000163', 'P000181', 'P000253', 'P000279', 'P000290', 'P000292', 'P000296', 'P000317', 'P000372', 'P000394', 'P007111', 'P007367', 'P007982']",[],0.0,0.0,0.0,0.0,26919.782875774716,122.35293469496969,170,
24,E000210,habitation,0,8,0.0,0.0,1.0,0.8,0.0,0.0,1.0,0.0,1.0,"['P000046', 'P000134', 'P000163', 'P000181', 'P000279', 'P000290', 'P000292', 'P000296', 'P000317', 'P000372', 'P000394', 'P007111', 'P007401', 'P007982']",[],0.0,0.0,0.0,0.0,26919.782875774716,122.35293469496969,178,
25,E000223,habitation,0,8,0.0,0.0,1.0,0.8,0.0,0.0,1.0,0.0,1.0,"['P000046', 'P000163', 'P000181', 'P000206', 'P000279', 'P000290', 'P000292', 'P000317', 'P000394', 'P007111', 'P007351', 'P007982']",[],0.0,0.0,0.0,0.0,26919.782875774716,122.35293469496969,186,
26,E000269,habitation,0,8,0.0,0.0,1.0,0.8,0.0,0.0,1.0,0.0,1.0,"['P000046', 'P000115', 'P000163', 'P000181', 'P000216', 'P000279', 'P000290', 'P000292', 'P000311', 'P000314', 'P000317', 'P000353', 'P000394', 'P007111', 'P007342', 'P007982']",[],0.0,0.0,0.0,0.0,26919.782875774716,122.35293469496969,194,
27,E000272,habitation,0,8,0.0,0.0,1.0,0.8,0.0,0.0,1.0,0.0,1.0,"['P000046', 'P000115', 'P000163', 'P000181', 'P000216', 'P000264', 'P000279', 'P000290', 'P000292', 'P000314', 'P000317', 'P000353', 'P000394', 'P007111', 'P007174', 'P007982']",[],0.0,0.0,0.0,0.0,26919.782875774716,122.35293469496969,202,
28,E000288,habitation,0,8,0.0,0.0,1.0,0.8,0.0,0.0,1.0,0.0,1.0,"['P000046', 'P000084', 'P000134', 'P000142', 'P000163', 'P000181', 'P000233', 'P000252', 'P000279', 'P000290', 'P000292', 'P000296', 'P000317', 'P000372', 'P000380', 'P000394', 'P007111', 'P007414', 'P007982']",[],0.0,0.0,0.0,0.0,26919.782875774716,122.35293469496969,210,
29,E000296,habitation,0,8,0.0,0.0,1.0,0.8,0.0,0.0,1.0,0.0,1.0,"['P000046', 'P000115', 'P000163', 'P000181', 'P000216', 'P000235', 'P000279', 'P000290', 'P000292', 'P000311', 'P000314', 'P000317', 'P000353', 'P000394', 'P007111', 'P007253', 'P007982']",[],0.0,0.0,0.0,0.0,26919.782875774716,122.35293469496969,218,
30,E000304,habitation,0,8,0.0,0.0,1.0,0.8,0.0,0.0,1.0,0.0,1.0,"['P000046', 'P000084', 'P000134', 'P000142', 'P000163', 'P000181', 'P000211', 'P000226', 'P000233', 'P000252', 'P000279', 'P000290', 'P000292', 'P000296', 'P000317', 'P000335', 'P000372', 'P000380', 'P000394', 'P007111', 'P007361', 'P007982']",[],0.0,0.0,0.0,0.0,26919.782875774716,122.35293469496969,226,
31,E000324,habitation,0,8,0.0,0.0,1.0,0.8,0.0,0.0,1.0,0.0,1.0,"['P000046', 'P000084', 'P000134', 'P000142', 'P000163', 'P000181', 'P000233', 'P000279', 'P000290', 'P000292', 'P000296', 'P000317', 'P000339', 'P000355', 'P000372', 'P000380', 'P000394', 'P000396', 'P007111', 'P007332', 'P007982']",[],0.0,0.0,0.0,0.0,26919.782875774716,122.35293469496969,234,
32,E000343,habitation,0,8,0.0,0.0,1.0,0.8,0.0,0.0,1.0,0.0,1.0,"['P000046', 'P000066', 'P000084', 'P000134', 'P000142', 'P000163', 'P000181', 'P000211', 'P000226', 'P000233', 'P000252', 'P000279', 'P000290', 'P000292', 'P000296', 'P000317', 'P000335', 'P000371', 'P000372', 'P000380', 'P000394', 'P007111', 'P007247', 'P007982']",[],0.0,0.0,0.0,0.0,26919.782875774716,122.35293469496969,242,
33,E000345,habitation,0,8,0.0,0.0,1.0,0.8,0.0,0.0,1.0,0.0,1.0,"['P000046', 'P000066', 'P000084', 'P000134', 'P000142', 'P000163', 'P000181', 'P000211', 'P000226', 'P000233', 'P000252', 'P000279', 'P000284', 'P000290', 'P000292', 'P000296', 'P000317', 'P000335', 'P000372', 'P000380', 'P000394', 'P007111', 'P007316', 'P007982']",[],0.0,0.0,0.0,0.0,26919.782875774716,122.35293469496969,250,
34,E000356,habitation,0,8,0.0,0.0,1.0,0.8,0.0,0.0,1.0,0.0,1.0,"['P000046', 'P000084', 'P000134', 'P000142', 'P000163', 'P000181', 'P000233', 'P000279', 'P000290', 'P000292', 'P000296', 'P000317', 'P000339', 'P000355', 'P000372', 'P000380', 'P000394', 'P000396', 'P007111', 'P007254', 'P007982']",[],0.0,0.0,0.0,0.0,26919.782875774716,122.35293469496969,258,
35,E000357,habitation,0,8,0.0,0.0,1.0,0.8,0.0,0.0,1.0,0.0,1.0,"['P000046', 'P000084', 'P000134', 'P000142', 'P000163', 'P000181', 'P000233', 'P000279', 'P000290', 'P000292', 'P000296', 'P000317', 'P000339', 'P000355', 'P000372', 'P000380', 'P000394', 'P000396', 'P007111', 'P007138', 'P007982']",[],0.0,0.0,0.0,0.0,26919.782875774716,122.35293469496969,266,
36,E000005,habitation,0,7,0.0,0.0,1.0,0.8285714285714285,0.0,0.0,0.8571428571428571,0.0,1.0,"['P000308', 'P000378', 'P007111', 'P007249', 'P007983']",[],0.0,0.0,0.0,0.0,26919.782875774716,122.35293469496969,273,
37,E000012,habitation,0,7,0.0,0.0,1.0,0.8285714285714285,0.0,0.0,0.8571428571428571,0.0,1.0,"['P000241', 'P007111', 'P007150', 'P007982']",[],0.0,0.0,0.0,0.0,26919.782875774716,122.35293469496969,280,
38,E000017,habitation,0,7,0.0,0.0,1.0,0.8285714285714285,0.0,0.0,0.8571428571428571,0.0,1.0,"['P000029', 'P000241', 'P007111', 'P007325', 'P007982']",[],0.0,0.0,0.0,0.0,26919.782875774716,122.35293469496969,287,
39,E000020,habitation,0,7,0.0,0.0,1.0,0.8285714285714285,0.0,0.0,0.8571428571428571,0.0,1.0,"['P000170', 'P000241', 'P007111', 'P007145', 'P007982']",[],0.0,0.0,0.0,0.0,26919.782875774716,122.35293469496969,294,
40,E000024,habitation,0,7,0.0,0.0,1.0,0.8285714285714285,0.0,0.0,0.8571428571428571,0.0,1.0,"['P000241', 'P000298', 'P007111', 'P007368', 'P007982']",[],0.0,0.0,0.0,0.0,26919.782875774716,122.35293469496969,301,
41,E000025,habitation,0,7,0.0,0.0,1.0,0.8285714285714285,0.0,0.0,0.8571428571428571,0.0,1.0,"['P000181', 'P000381', 'P000394', 'P000395', 'P007111', 'P007251', 'P007982']",[],0.0,0.0,0.0,0.0,26919.782875774716,122.35293469496969,308,
42,E000048,habitation,0,7,0.0,0.0,1.0,0.8285714285714285,0.0,0.0,0.8571428571428571,0.0,1.0,"['P000181', 'P000256', 'P000334', 'P000394', 'P000395', 'P007111', 'P007305', 'P007982']",[],0.0,0.0,0.0,0.0,26919.782875774716,122.35293469496969,315,
43,E000053,habitation,0,7,0.0,0.0,1.0,0.8285714285714285,0.0,0.0,0.8571428571428571,0.0,1.0,"['P000123', 'P000181', 'P000334', 'P000394', 'P000395', 'P007111', 'P007120', 'P007982']",[],0.0,0.0,0.0,0.0,26919.782875774716,122.35293469496969,322,
44,E000066,habitation,0,7,0.0,0.0,1.0,0.8285714285714285,0.0,0.0,0.8571428571428571,0.0,1.0,"['P000020', 'P000058', 'P000160', 'P000236', 'P000348', 'P007111', 'P007144', 'P007983']",[],0.0,0.0,0.0,0.0,26919.782875774716,122.35293469496969,329,
45,E000068,habitation,0,7,0.0,0.0,1.0,0.8285714285714285,0.0,0.0,0.8571428571428571,0.0,1.0,"['P000020', 'P000160', 'P000168', 'P000348', 'P007111', 'P007164', 'P007983']",[],0.0,0.0,0.0,0.0,26919.782875774716,122.35293469496969,336,
46,E000082,habitation,0,7,0.0,0.0,1.0,0.8285714285714285,0.0,0.0,0.8571428571428571,0.0,1.0,"['P000181', 'P000256', 'P000334', 'P000342', 'P000394', 'P000395', 'P007111', 'P007181', 'P007982']",[],0.0,0.0,0.0,0.0,26919.782875774716,122.35293469496969,343,
47,E000091,habitation,0,7,0.0,0.0,1.0,0.8285714285714285,0.0,0.0,0.8571428571428571,0.0,1.0,"['P000078', 'P000181', 'P000256', 'P000267', 'P000334', 'P000394', 'P000395', 'P007111', 'P007382', 'P007982']",[],0.0,0.0,0.0,0.0,26919.782875774716,122.35293469496969,350,
48,E000099,habitation,0,7,0.0,0.0,1.0,0.8285714285714285,0.0,0.0,0.8571428571428571,0.0,1.0,"['P000181', 'P000256', 'P000299', 'P000334', 'P000342', 'P000394', 'P000395', 'P007111', 'P007156', 'P007982']",[],0.0,0.0,0.0,0.0,26919.782875774716,122.35293469496969,357,
49,E000101,habitation,0,7,0.0,0.0,1.0,0.8285714285714285,0.0,0.0,0.8571428571428571,0.0,1.0,"['P000003', 'P000126', 'P000181', 'P000231', 'P000381', 'P000394', 'P000395', 'P007111', 'P007392', 'P007982']",[],0.0,0.0,0.0,0.0,26919.782875774716,122.35293469496969,364,
50,E000104,habitation,0,7,0.0,0.0,1.0,0.8285714285714285,0.0,0.0,0.8571428571428571,0.0,1.0,"['P000126', 'P000181', 'P000196', 'P000231', 'P000381', 'P000394', 'P000395', 'P007111', 'P007344', 'P007982']",[],0.0,0.0,0.0,0.0,26919.782875774716,122.35293469496969,371,
51,E000115,habitation,0,7,0.0,0.0,1.0,0.8285714285714285,0.0,0.0,0.8571428571428571,0.0,1.0,"['P000147', 'P000181', 'P000256', 'P000334', 'P000342', 'P000394', 'P000395', 'P007111', 'P007323', 'P007982', 'P007987']",[],0.0,0.0,0.0,0.0,26919.782875774716,122.35293469496969,378,
52,E000121,habitation,0,7,0.0,0.0,1.0,0.8285714285714285,0.0,0.0,0.8571428571428571,0.0,1.0,"['P000009', 'P000046', 'P000163', 'P000181', 'P000279', 'P000290', 'P000292', 'P000317', 'P000326', 'P000394', 'P007111', 'P007234', 'P007982']",[],0.0,0.0,0.0,0.0,26919.782875774716,122.35293469496969,385,
53,E000122,habitation,0,7,0.0,0.0,1.0,0.8285714285714285,0.0,0.0,0.8571428571428571,0.0,1.0,"['P000046', 'P000163', 'P000181', 'P000279', 'P000290', 'P000292', 'P000317', 'P000326', 'P000331', 'P000394', 'P007111', 'P007187', 'P007982']",[],0.0,0.0,0.0,0.0,26919.782875774716,122.35293469496969,392,
54,E000124,habitation,0,7,0.0,0.0,1.0,0.8285714285714285,0.0,0.0,0.8571428571428571,0.0,1.0,"['P000046', 'P000163', 'P000181', 'P000279', 'P000290', 'P000292', 'P000317', 'P000394', 'P007111', 'P007353', 'P007982']",[],0.0,0.0,0.0,0.0,26919.782875774716,122.35293469496969,399,
55,E000132,habitation,0,7,0.0,0.0,1.0,0.8285714285714285,0.0,0.0,0.8571428571428571,0.0,1.0,"['P000009', 'P000046', 'P000163', 'P000181', 'P000198', 'P000279', 'P000290', 'P000292', 'P000317', 'P000326', 'P000394', 'P007111', 'P007231', 'P007982']",[],0.0,0.0,0.0,0.0,26919.782875774716,122.35293469496969,406,
56,E000136,habitation,0,7,0.0,0.0,1.0,0.8285714285714285,0.0,0.0,0.8571428571428571,0.0,1.0,"['P000046', 'P000113', 'P000163', 'P000181', 'P000279', 'P000290', 'P000292', 'P000317', 'P000326', 'P000331', 'P000394', 'P007111', 'P007337', 'P007982']",[],0.0,0.0,0.0,0.0,26919.782875774716,122.35293469496969,413,
57,E000153,habitation,0,7,0.0,0.0,1.0,0.8285714285714285,0.0,0.0,0.8571428571428571,0.0,1.0,"['P000046', 'P000163', 'P000181', 'P000221', 'P000223', 'P000279', 'P000290', 'P000292', 'P000317', 'P000326', 'P000331', 'P000394', 'P007111', 'P007183', 'P007982']",[],0.0,0.0,0.0,0.0,26919.782875774716,122.35293469496969,420,
58,E000156,habitation,0,7,0.0,0.0,1.0,0.8285714285714285,0.0,0.0,0.8571428571428571,0.0,1.0,"['P000046', 'P000163', 'P000181', 'P000279', 'P000290', 'P000292', 'P000312', 'P000317', 'P000394', 'P000403', 'P007111', 'P007160', 'P007982']",[],0.0,0.0,0.0,0.0,26919.782875774716,122.35293469496969,427,
59,E000172,habitation,0,7,0.0,0.0,1.0,0.8285714285714285,0.0,0.0,0.8571428571428571,0.0,1.0,"['P000046', 'P000145', 'P000163', 'P000181', 'P000279', 'P000290', 'P000292', 'P000312', 'P000317', 'P000394', 'P000403', 'P007111', 'P007330', 'P007982']",[],0.0,0.0,0.0,0.0,26919.782875774716,122.35293469496969,434,
60,E000189,habitation,0,7,0.0,0.0,1.0,0.8285714285714285,0.0,0.0,0.8571428571428571,0.0,1.0,"['P000046', 'P000163', 'P000181', 'P000279', 'P000289', 'P000290', 'P000292', 'P000317', 'P000394', 'P007111', 'P007390', 'P007982']",[],0.0,0.0,0.0,0.0,26919.782875774716,122.35293469496969,441,
61,E000206,habitation,0,7,0.0,0.0,1.0,0.8285714285714285,0.0,0.0,0.8571428571428571,0.0,1.0,"['P000046', 'P000084', 'P000134', 'P000153', 'P000163', 'P000181', 'P000253', 'P000279', 'P000290', 'P000292', 'P000296', 'P000317', 'P000372', 'P000394', 'P007111', 'P007359', 'P007982']",[],0.0,0.0,0.0,0.0,26919.782875774716,122.35293469496969,448,
62,E000245,habitation,0,7,0.0,0.0,1.0,0.8285714285714285,0.0,0.0,0.8571428571428571,0.0,1.0,"['P000046', 'P000115', 'P000163', 'P000181', 'P000279', 'P000290', 'P000292', 'P000314', 'P000317', 'P000353', 'P000394', 'P007111', 'P007197', 'P007982']",[],0.0,0.0,0.0,0.0,26919.782875774716,122.35293469496969,455,
63,E000248,habitation,0,7,0.0,0.0,1.0,0.8285714285714285,0.0,0.0,0.8571428571428571,0.0,1.0,"['P000046', 'P000115', 'P000163', 'P000181', 'P000279', 'P000290', 'P000292', 'P000317', 'P000391', 'P000394', 'P007111', 'P007195', 'P007982']",[],0.0,0.0,0.0,0.0,26919.782875774716,122.35293469496969,462,
64,E000276,habitation,0,7,0.0,0.0,1.0,0.8285714285714285,0.0,0.0,0.8571428571428571,0.0,1.0,"['P000046', 'P000064', 'P000068', 'P000084', 'P000134', 'P000142', 'P000163', 'P000181', 'P000233', 'P000252', 'P000279', 'P000290', 'P000292', 'P000296', 'P000317', 'P000372', 'P000380', 'P000394', 'P007111', 'P007818', 'P007982']",[],0.0,0.0,0.0,0.0,26919.782875774716,122.35293469496969,469,
65,E000282,habitation,0,7,0.0,0.0,1.0,0.8285714285714285,0.0,0.0,0.8571428571428571,0.0,1.0,"['P000046', 'P000084', 'P000134', 'P000142', 'P000163', 'P000181', 'P000211', 'P000233', 'P000252', 'P000279', 'P000290', 'P000292', 'P000296', 'P000317', 'P000335', 'P000372', 'P000380', 'P000394', 'P007111', 'P007398', 'P007982']",[],0.0,0.0,0.0,0.0,26919.782875774716,122.35293469496969,476,
66,E000290,habitation,0,7,0.0,0.0,1.0,0.8285714285714285,0.0,0.0,0.8571428571428571,0.0,1.0,"['P000046', 'P000084', 'P000134', 'P000142', 'P000163', 'P000181', 'P000233', 'P000252', 'P000279', 'P000290', 'P000292', 'P000296', 'P000317', 'P000372', 'P000380', 'P000394', 'P007111', 'P007170', 'P007982']",[],0.0,0.0,0.0,0.0,26919.782875774716,122.35293469496969,483,
67,E000294,habitation,0,7,0.0,0.0,1.0,0.8285714285714285,0.0,0.0,0.8571428571428571,0.0,1.0,"['P000046', 'P000084', 'P000118', 'P000134', 'P000142', 'P000153', 'P000163', 'P000181', 'P000253', 'P000279', 'P000290', 'P000292', 'P000296', 'P000317', 'P000372', 'P000394', 'P007111', 'P007399', 'P007982']",[],0.0,0.0,0.0,0.0,26919.782875774716,122.35293469496969,490,
68,E000295,habitation,0,7,0.0,0.0,1.0,0.8285714285714285,0.0,0.0,0.8571428571428571,0.0,1.0,"['P000046', 'P000084', 'P000118', 'P000134', 'P000142', 'P000153', 'P000163', 'P000181', 'P000253', 'P000279', 'P000290', 'P000292', 'P000296', 'P000317', 'P000372', 'P000394', 'P007111', 'P007296', 'P007982']",[],0.0,0.0,0.0,0.0,26919.782875774716,122.35293469496969,497,
69,E000305,habitation,0,7,0.0,0.0,1.0,0.8285714285714285,0.0,0.0,0.8571428571428571,0.0,1.0,"['P000046', 'P000084', 'P000134', 'P000142', 'P000163', 'P000181', 'P000233', 'P000252', 'P000279', 'P000282', 'P000290', 'P000292', 'P000296', 'P000317', 'P000372', 'P000380', 'P000394', 'P007111', 'P007346', 'P007982']",[],0.0,0.0,0.0,0.0,26919.782875774716,122.35293469496969,504,
70,E000311,habitation,0,7,0.0,0.0,1.0,0.8285714285714285,0.0,0.0,0.8571428571428571,0.0,1.0,"['P000046', 'P000084', 'P000134', 'P000142', 'P000163', 'P000181', 'P000233', 'P000279', 'P000290', 'P000292', 'P000296', 'P000317', 'P000339', 'P000355', 'P000372', 'P000380', 'P000394', 'P000396', 'P007111', 'P007198', 'P007982']",[],0.0,0.0,0.0,0.0,26919.782875774716,122.35293469496969,511,
71,E000314,habitation,0,7,0.0,0.0,1.0,0.8285714285714285,0.0,0.0,0.8571428571428571,0.0,1.0,"['P000046', 'P000055', 'P000115', 'P000163', 'P000181', 'P000185', 'P000216', 'P000279', 'P000290', 'P000292', 'P000311', 'P000314', 'P000317', 'P000353', 'P000394', 'P007111', 'P007129', 'P007982']",[],0.0,0.0,0.0,0.0,26919.782875774716,122.35293469496969,518,
72,E000338,habitation,0,7,0.0,0.0,1.0,0.8285714285714285,0.0,0.0,0.8571428571428571,0.0,1.0,"['P000046', 'P000066', 'P000084', 'P000134', 'P000142', 'P000163', 'P000181', 'P000211', 'P000226', 'P000233', 'P000252', 'P000279', 'P000290', 'P000292', 'P000296', 'P000317', 'P000335', 'P000369', 'P000372', 'P000380', 'P000394', 'P007111', 'P007389', 'P007982']",[],0.0,0.0,0.0,0.0,26919.782875774716,122.35293469496969,525,
73,E000127,habitation,0,8,14634.412304529207,66.7362145407099,1.0,0.8467218284946614,0.03146558872701399,0.027603234893987274,1.0,0.16414945917555532,1.0,"['P000147', 'P000149', 'P000181', 'P000256', 'P000334', 'P000342', 'P000394', 'P000395', 'P000873', 'P005117', 'P007111', 'P007790', 'P007982']","['P005117', 'P000873', 'P007790']",14634.412304529207,66.7362145407099,1829.301538066151,8.342026817588737,41554.19518030393,189.0891492356796,533,
74,E000008,habitation,0,6,0.0,0.0,1.0,0.8571428571428571,0.0,0.0,0.7142857142857143,0.0,1.0,"['P000352', 'P007111', 'P007320', 'P007982']",[],0.0,0.0,0.0,0.0,41554.19518030393,189.0891492356796,539,
75,E000015,habitation,0,6,0.0,0.0,1.0,0.8571428571428571,0.0,0.0,0.7142857142857143,0.0,1.0,"['P000020', 'P000160', 'P000348', 'P007111', 'P007255', 'P007983']",[],0.0,0.0,0.0,0.0,41554.19518030393,189.0891492356796,545,
76,E000022,habitation,0,6,0.0,0.0,1.0,0.8571428571428571,0.0,0.0,0.7142857142857143,0.0,1.0,"['P000040', 'P000241', 'P007111', 'P007277', 'P007982']",[],0.0,0.0,0.0,0.0,41554.19518030393,189.0891492356796,551,
77,E000028,habitation,0,6,0.0,0.0,1.0,0.8571428571428571,0.0,0.0,0.7142857142857143,0.0,1.0,"['P000181', 'P000381', 'P000394', 'P000395', 'P007111', 'P007338', 'P007982']",[],0.0,0.0,0.0,0.0,41554.19518030393,189.0891492356796,557,
78,E000038,habitation,0,6,0.0,0.0,1.0,0.8571428571428571,0.0,0.0,0.7142857142857143,0.0,1.0,"['P000020', 'P000148', 'P000160', 'P000348', 'P007111', 'P007347', 'P007983']",[],0.0,0.0,0.0,0.0,41554.19518030393,189.0891492356796,563,
79,E000044,habitation,0,6,0.0,0.0,1.0,0.8571428571428571,0.0,0.0,0.7142857142857143,0.0,1.0,"['P000160', 'P000308', 'P000347', 'P007111', 'P007378', 'P007983']",[],0.0,0.0,0.0,0.0,41554.19518030393,189.0891492356796,569,
80,E000062,habitation,0,6,0.0,0.0,1.0,0.8571428571428571,0.0,0.0,0.7142857142857143,0.0,1.0,"['P000015', 'P000020', 'P000075', 'P000160', 'P000348', 'P007111', 'P007352', 'P007983']",[],0.0,0.0,0.0,0.0,41554.19518030393,189.0891492356796,575,
81,E000065,habitation,0,6,0.0,0.0,1.0,0.8571428571428571,0.0,0.0,0.7142857142857143,0.0,1.0,"['P000020', 'P000160', 'P000236', 'P000344', 'P000348', 'P007111', 'P007343', 'P007983']",[],0.0,0.0,0.0,0.0,41554.19518030393,189.0891492356796,581,
82,E000072,habitation,0,6,0.0,0.0,1.0,0.8571428571428571,0.0,0.0,0.7142857142857143,0.0,1.0,"['P000160', 'P000209', 'P000308', 'P000347', 'P007111', 'P007236', 'P007983']",[],0.0,0.0,0.0,0.0,41554.19518030393,189.0891492356796,587,
83,E000086,habitation,0,6,0.0,0.0,1.0,0.8571428571428571,0.0,0.0,0.7142857142857143,0.0,1.0,"['P000181', 'P000256', 'P000258', 'P000267', 'P000334', 'P000394', 'P000395', 'P007111', 'P007388', 'P007982']",[],0.0,0.0,0.0,0.0,41554.19518030393,189.0891492356796,593,
84,E000096,habitation,0,6,0.0,0.0,1.0,0.8571428571428571,0.0,0.0,0.7142857142857143,0.0,1.0,"['P000103', 'P000181', 'P000256', 'P000267', 'P000334', 'P000394', 'P000395', 'P007111', 'P007413', 'P007982']",[],0.0,0.0,0.0,0.0,41554.19518030393,189.0891492356796,599,
85,E000117,habitation,0,6,0.0,0.0,1.0,0.8571428571428571,0.0,0.0,0.7142857142857143,0.0,1.0,"['P000147', 'P000181', 'P000256', 'P000334', 'P000342', 'P000394', 'P000395', 'P007111', 'P007358', 'P007982', 'P007987']",[],0.0,0.0,0.0,0.0,41554.19518030393,189.0891492356796,605,
86,E000119,habitation,0,6,0.0,0.0,1.0,0.8571428571428571,0.0,0.0,0.7142857142857143,0.0,1.0,"['P000046', 'P000163', 'P000181', 'P000279', 'P000290', 'P000292', 'P000317', 'P000326', 'P000394', 'P007111', 'P007141', 'P007982']",[],0.0,0.0,0.0,0.0,41554.19518030393,189.0891492356796,611,
87,E000125,habitation,0,6,0.0,0.0,1.0,0.8571428571428571,0.0,0.0,0.7142857142857143,0.0,1.0,"['P000046', 'P000163', 'P000181', 'P000279', 'P000290', 'P000292', 'P000317', 'P000394', 'P007111', 'P007222', 'P007982']",[],0.0,0.0,0.0,0.0,41554.19518030393,189.0891492356796,617,
88,E000126,habitation,0,6,0.0,0.0,1.0,0.8571428571428571,0.0,0.0,0.7142857142857143,0.0,1.0,"['P000046', 'P000163', 'P000181', 'P000279', 'P000290', 'P000292', 'P000317', 'P000394', 'P007111', 'P007331', 'P007982']",[],0.0,0.0,0.0,0.0,41554.19518030393,189.0891492356796,623,
89,E000154,habitation,0,6,0.0,0.0,1.0,0.8571428571428571,0.0,0.0,0.7142857142857143,0.0,1.0,"['P000046', 'P000163', 'P000181', 'P000279', 'P000290', 'P000292', 'P000317', 'P000394', 'P007111', 'P007267', 'P007982']",[],0.0,0.0,0.0,0.0,41554.19518030393,189.0891492356796,629,
90,E000191,habitation,0,6,0.0,0.0,1.0,0.8571428571428571,0.0,0.0,0.7142857142857143,0.0,1.0,"['P000046', 'P000151', 'P000163', 'P000181', 'P000279', 'P000290', 'P000292', 'P000317', 'P000394', 'P007111', 'P007301', 'P007982']",[],0.0,0.0,0.0,0.0,41554.19518030393,189.0891492356796,635,
91,E000199,habitation,0,6,0.0,0.0,1.0,0.8571428571428571,0.0,0.0,0.7142857142857143,0.0,1.0,"['P000046', 'P000084', 'P000134', 'P000153', 'P000163', 'P000181', 'P000253', 'P000266', 'P000279', 'P000290', 'P000292', 'P000296', 'P000317', 'P000372', 'P000394', 'P007111', 'P007271', 'P007982']",[],0.0,0.0,0.0,0.0,41554.19518030393,189.0891492356796,641,
92,E000213,habitation,0,6,0.0,0.0,1.0,0.8571428571428571,0.0,0.0,0.7142857142857143,0.0,1.0,"['P000046', 'P000115', 'P000163', 'P000181', 'P000279', 'P000290', 'P000292', 'P000314', 'P000317', 'P000353', 'P000394', 'P007111', 'P007257', 'P007982']",[],0.0,0.0,0.0,0.0,41554.19518030393,189.0891492356796,647,
93,E000232,habitation,0,6,0.0,0.0,1.0,0.8571428571428571,0.0,0.0,0.7142857142857143,0.0,1.0,"['P000046', 'P000084', 'P000134', 'P000139', 'P000153', 'P000163', 'P000181', 'P000253', 'P000266', 'P000279', 'P000290', 'P000292', 'P000296', 'P000317', 'P000372', 'P000394', 'P007111', 'P007248', 'P007982']",[],0.0,0.0,0.0,0.0,41554.19518030393,189.0891492356796,653,
94,E000235,habitation,0,6,0.0,0.0,1.0,0.8571428571428571,0.0,0.0,0.7142857142857143,0.0,1.0,"['P000046', 'P000049', 'P000084', 'P000134', 'P000141', 'P000153', 'P000163', 'P000181', 'P000253', 'P000279', 'P000290', 'P000292', 'P000296', 'P000317', 'P000372', 'P000394', 'P007111', 'P007340', 'P007982']",[],0.0,0.0,0.0,0.0,41554.19518030393,189.0891492356796,659,
95,E000238,habitation,0,6,0.0,0.0,1.0,0.8571428571428571,0.0,0.0,0.7142857142857143,0.0,1.0,"['P000046', 'P000084', 'P000134', 'P000153', 'P000163', 'P000181', 'P000253', 'P000279', 'P000290', 'P000292', 'P000296', 'P000317', 'P000372', 'P000394', 'P007111', 'P007219', 'P007982']",[],0.0,0.0,0.0,0.0,41554.19518030393,189.0891492356796,665,
96,E000253,habitation,0,6,0.0,0.0,1.0,0.8571428571428571,0.0,0.0,0.7142857142857143,0.0,1.0,"['P000046', 'P000163', 'P000181', 'P000206', 'P000260', 'P000279', 'P000290', 'P000292', 'P000317', 'P000394', 'P007111', 'P007289', 'P007982']",[],0.0,0.0,0.0,0.0,41554.19518030393,189.0891492356796,671,
97,E000256,habitation,0,6,0.0,0.0,1.0,0.8571428571428571,0.0,0.0,0.7142857142857143,0.0,1.0,"['P000046', 'P000163', 'P000181', 'P000206', 'P000240', 'P000279', 'P000290', 'P000292', 'P000317', 'P000394', 'P007111', 'P007312', 'P007982']",[],0.0,0.0,0.0,0.0,41554.19518030393,189.0891492356796,677,
98,E000264,habitation,0,6,0.0,0.0,1.0,0.8571428571428571,0.0,0.0,0.7142857142857143,0.0,1.0,"['P000046', 'P000084', 'P000134', 'P000142', 'P000163', 'P000181', 'P000233', 'P000252', 'P000279', 'P000290', 'P000292', 'P000296', 'P000317', 'P000335', 'P000372', 'P000380', 'P000394', 'P007111', 'P007209', 'P007982']",[],0.0,0.0,0.0,0.0,41554.19518030393,189.0891492356796,683,
99,E000270,habitation,0,6,0.0,0.0,1.0,0.8571428571428571,0.0,0.0,0.7142857142857143,0.0,1.0,"['P000046', 'P000115', 'P000163', 'P000181', 'P000216', 'P000279', 'P000290', 'P000292', 'P000311', 'P000314', 'P000317', 'P000353', 'P000394', 'P007111', 'P007114', 'P007982']",[],0.0,0.0,0.0,0.0,41554.19518030393,189.0891492356796,689,
100,E000283,habitation,0,6,0.0,0.0,1.0,0.8571428571428571,0.0,0.0,0.7142857142857143,0.0,1.0,"['P000046', 'P000084', 'P000134', 'P000142', 'P000163', 'P000181', 'P000211', 'P000233', 'P000252', 'P000279', 'P000290', 'P000292', 'P000296', 'P000317', 'P000335', 'P000372', 'P000380', 'P000394', 'P007111', 'P007130', 'P007982']",[],0.0,0.0,0.0,0.0,41554.19518030393,189.0891492356796,695,
101,E000300,habitation,0,6,0.0,0.0,1.0,0.8571428571428571,0.0,0.0,0.7142857142857143,0.0,1.0,"['P000046', 'P000115', 'P000163', 'P000181', 'P000216', 'P000279', 'P000290', 'P000292', 'P000311', 'P000314', 'P000317', 'P000353', 'P000394', 'P007111', 'P007276', 'P007982', 'P007989']",[],0.0,0.0,0.0,0.0,41554.19518030393,189.0891492356796,701,
102,E000307,habitation,0,6,0.0,0.0,1.0,0.8571428571428571,0.0,0.0,0.7142857142857143,0.0,1.0,"['P000046', 'P000084', 'P000134', 'P000142', 'P000163', 'P000181', 'P000233', 'P000279', 'P000290', 'P000292', 'P000296', 'P000317', 'P000328', 'P000339', 'P000355', 'P000372', 'P000380', 'P000394', 'P000396', 'P007111', 'P007412', 'P007982']",[],0.0,0.0,0.0,0.0,41554.19518030393,189.0891492356796,707,
103,E000333,habitation,0,6,0.0,0.0,1.0,0.8571428571428571,0.0,0.0,0.7142857142857143,0.0,1.0,"['P000023', 'P000046', 'P000084', 'P000134', 'P000136', 'P000142', 'P000163', 'P000181', 'P000211', 'P000226', 'P000233', 'P000252', 'P000279', 'P000290', 'P000292', 'P000296', 'P000317', 'P000335', 'P000372', 'P000380', 'P000394', 'P007111', 'P007167', 'P007982']",[],0.0,0.0,0.0,0.0,41554.19518030393,189.0891492356796,713,
104,E000334,habitation,0,6,0.0,0.0,1.0,0.8571428571428571,0.0,0.0,0.7142857142857143,0.0,1.0,"['P000023', 'P000046', 'P000084', 'P000134', 'P000136', 'P000142', 'P000163', 'P000181', 'P000211', 'P000226', 'P000233', 'P000252', 'P000279', 'P000290', 'P000292', 'P000296', 'P000317', 'P000335', 'P000372', 'P000380', 'P000394', 'P007111', 'P007274', 'P007982']",[],0.0,0.0,0.0,0.0,41554.19518030393,189.0891492356796,719,
105,E000259,habitation,0,8,18773.43407247938,75.09373628991753,1.0,0.8586310240250316,0.04036493869559261,0.031060048223341748,1.0,0.2105755247111422,1.0,"['P000181', 'P000265', 'P000275', 'P000381', 'P000394', 'P000395', 'P000719', 'P000732', 'P005100', 'P007111', 'P007206', 'P007982', 'P008001']","['P000719', 'P005100', 'P008001', 'P000732']",18773.43407247938,75.09373628991753,2346.6792590599225,9.386717036239691,60327.62925278331,264.18288552559716,727,
106,E000302,habitation,0,7,5481.818235167805,30.454545750932255,1.0,0.8484682203493137,0.013470296447242644,0.014396021466016769,0.8571428571428571,0.06148777825010448,1.0,"['P000181', 'P000265', 'P000381', 'P000394', 'P000395', 'P000719', 'P000730', 'P000732', 'P005100', 'P007111', 'P007631', 'P007982', 'P008001']","['P000730', 'P007631']",5481.818235167805,30.454545750932255,783.1168907382579,4.350649392990322,65809.44748795111,294.6374312765294,734,
107,E000258,habitation,0,6,0.0,0.0,1.0,0.8571428571428571,0.0,0.0,0.7142857142857143,0.0,1.0,"['P000181', 'P000265', 'P000275', 'P000381', 'P000394', 'P000395', 'P000719', 'P000732', 'P005100', 'P007111', 'P007415', 'P007982', 'P008001']",[],0.0,0.0,0.0,0.0,65809.44748795111,294.6374312765294,740,
108,E000160,habitation,0,8,18968.111365428336,75.87244546171334,1.0,0.8592390176928897,0.04078351618999082,0.031382135598706284,1.0,0.2127591568028417,1.0,"['P000181', 'P000265', 'P000381', 'P000394', 'P000395', 'P000600', 'P000719', 'P000723', 'P000732', 'P005100', 'P007111', 'P007641', 'P007982', 'P008001', 'P008005']","['P000723', 'P007641', 'P000600', 'P008005']",18968.111365428336,75.87244546171334,2371.013920678542,9.484055682714168,84777.55885337945,370.5098767382427,748,
109,E000365,habitation,0,8,18820.4360068854,89.15765144473323,1.0,0.8604996085324792,0.040465998000648276,0.036877123048745165,1.0,0.21110273017401993,1.0,"['P000023', 'P000046', 'P000084', 'P000134', 'P000136', 'P000142', 'P000163', 'P000181', 'P000211', 'P000226', 'P000233', 'P000252', 'P000279', 'P000290', 'P000292', 'P000296', 'P000317', 'P000335', 'P000372', 'P000380', 'P000394', 'P004862', 'P007111', 'P007780', 'P007982', 'P008031']","['P004862', 'P008031', 'P007780']",18820.4360068854,89.15765144473323,2352.554500860675,11.144706430591654,103597.99486026485,459.66752818297596,756,
110,E000266,habitation,0,8,19331.493618892855,86.97560321326496,1.0,0.8615712664710764,0.04156482782043268,0.03597459073854819,1.0,0.21683509775208873,1.0,"['P000046', 'P000084', 'P000134', 'P000153', 'P000163', 'P000181', 'P000253', 'P000266', 'P000279', 'P000290', 'P000292', 'P000296', 'P000317', 'P000372', 'P000394', 'P006709', 'P007111', 'P007692', 'P007982', 'P008025']","['P006709', 'P007692', 'P008025']",19331.493618892855,86.97560321326495,2416.436702361607,10.871950401658118,122929.4884791577,546.643131396241,764,
111,E000373,habitation,0,8,19402.41457415171,91.57534957309781,1.0,0.8623283177101325,0.04171731563913459,0.03787712416956527,1.0,0.2176305951186862,1.0,"['P000023', 'P000046', 'P000084', 'P000134', 'P000136', 'P000142', 'P000163', 'P000181', 'P000211', 'P000226', 'P000233', 'P000252', 'P000279', 'P000290', 'P000292', 'P000296', 'P000317', 'P000335', 'P000372', 'P000380', 'P000394', 'P004209', 'P004862', 'P007111', 'P007514', 'P007982', 'P008031', 'P008032']","['P004209', 'P008032', 'P007514']",19402.414574151706,91.57534957309781,2425.3018217689632,11.446918696637226,142331.90305330942,638.2184809693388,772,
112,E000376,habitation,0,8,9916.237505247858,43.68931889024575,1.0,0.8314686135186213,0.02132099633156797,0.01807064634974336,1.0,0.11122722181600847,1.0,"['P000023', 'P000046', 'P000084', 'P000134', 'P000136', 'P000142', 'P000163', 'P000181', 'P000211', 'P000226', 'P000233', 'P000252', 'P000279', 'P000290', 'P000292', 'P000296', 'P000317', 'P000335', 'P000372', 'P000380', 'P000394', 'P004209', 'P004211', 'P004862', 'P007111', 'P007506', 'P007982', 'P008031', 'P008032']","['P004211', 'P007506']",9916.237505247858,43.68931889024575,1239.5296881559823,5.461164861280719,152248.14055855726,681.9077998595845,780,
113,E000381,habitation,0,8,23116.33048518977,99.9070823003193,1.0,0.873117668851676,0.04970264147195057,0.04132327072022292,1.0,0.259288386052437,1.0,"['P000023', 'P000046', 'P000084', 'P000134', 'P000136', 'P000142', 'P000163', 'P000181', 'P000211', 'P000226', 'P000233', 'P000252', 'P000279', 'P000290', 'P000292', 'P000296', 'P000317', 'P000335', 'P000372', 'P000380', 'P000394', 'P004234', 'P004862', 'P007111', 'P007459', 'P007982', 'P008031', 'P008032', 'P008035', 'P008036']","['P007459', 'P004234', 'P008035', 'P008036']",23116.330485189774,99.9070823003193,2889.5413106487217,12.488385287539913,175364.47104374703,781.8148821599038,788,
114,E000098,habitation,0,7,12944.177645733216,60.3626350132637,1.0,0.8739157314181515,0.031807313317177205,0.02853373012039357,0.8571428571428571,0.14519064488580943,1.0,"['P000181', 'P000256', 'P000334', 'P000342', 'P000394', 'P000395', 'P005531', 'P007111', 'P007639', 'P007982']","['P005531', 'P007639']",12944.177645733216,60.3626350132637,1849.1682351047452,8.623233573323386,188308.64868948027,842.1775171731675,795,
115,E000010,habitation,0,5,0.0,0.0,1.0,0.8857142857142857,0.0,0.0,0.5714285714285714,0.0,1.0,"['P000352', 'P007111', 'P007115', 'P007982']",[],0.0,0.0,0.0,0.0,188308.64868948027,842.1775171731675,800,
116,E000014,habitation,0,5,0.0,0.0,1.0,0.8857142857142857,0.0,0.0,0.5714285714285714,0.0,1.0,"['P000241', 'P007111', 'P007397', 'P007982']",[],0.0,0.0,0.0,0.0,188308.64868948027,842.1775171731675,805,
117,E000016,habitation,0,5,0.0,0.0,1.0,0.8857142857142857,0.0,0.0,0.5714285714285714,0.0,1.0,"['P000020', 'P000160', 'P000348', 'P007111', 'P007333', 'P007983']",[],0.0,0.0,0.0,0.0,188308.64868948027,842.1775171731675,810,
118,E000027,habitation,0,5,0.0,0.0,1.0,0.8857142857142857,0.0,0.0,0.5714285714285714,0.0,1.0,"['P000181', 'P000381', 'P000394', 'P000395', 'P007111', 'P007146', 'P007982']",[],0.0,0.0,0.0,0.0,188308.64868948027,842.1775171731675,815,
119,E000029,habitation,0,5,0.0,0.0,1.0,0.8857142857142857,0.0,0.0,0.5714285714285714,0.0,1.0,"['P000181', 'P000334', 'P000394', 'P000395', 'P007111', 'P007328', 'P007982']",[],0.0,0.0,0.0,0.0,188308.64868948027,842.1775171731675,820,
120,E000033,habitation,0,5,0.0,0.0,1.0,0.8857142857142857,0.0,0.0,0.5714285714285714,0.0,1.0,"['P000181', 'P000334', 'P000394', 'P000395', 'P007111', 'P007227', 'P007982']",[],0.0,0.0,0.0,0.0,188308.64868948027,842.1775171731675,825,
121,E000056,habitation,0,5,0.0,0.0,1.0,0.8857142857142857,0.0,0.0,0.5714285714285714,0.0,1.0,"['P000020', 'P000148', 'P000160', 'P000301', 'P000348', 'P007111', 'P007408', 'P007983']",[],0.0,0.0,0.0,0.0,188308.64868948027,842.1775171731675,830,
122,E000059,habitation,0,5,0.0,0.0,1.0,0.8857142857142857,0.0,0.0,0.5714285714285714,0.0,1.0,"['P000020', 'P000148', 'P000160', 'P000348', 'P007111', 'P007166', 'P007983', 'P007986']",[],0.0,0.0,0.0,0.0,188308.64868948027,842.1775171731675,835,
123,E000075,habitation,0,5,0.0,0.0,1.0,0.8857142857142857,0.0,0.0,0.5714285714285714,0.0,1.0,"['P000160', 'P000277', 'P000308', 'P000347', 'P007111', 'P007171', 'P007983']",[],0.0,0.0,0.0,0.0,188308.64868948027,842.1775171731675,840,
124,E000078,habitation,0,5,0.0,0.0,1.0,0.8857142857142857,0.0,0.0,0.5714285714285714,0.0,1.0,"['P000160', 'P000277', 'P000308', 'P000347', 'P007111', 'P007360', 'P007983']",[],0.0,0.0,0.0,0.0,188308.64868948027,842.1775171731675,845,
125,E000079,habitation,0,5,0.0,0.0,1.0,0.8857142857142857,0.0,0.0,0.5714285714285714,0.0,1.0,"['P000160', 'P000277', 'P000308', 'P000347', 'P007111', 'P007308', 'P007983']",[],0.0,0.0,0.0,0.0,188308.64868948027,842.1775171731675,850,
126,E000083,habitation,0,5,0.0,0.0,1.0,0.8857142857142857,0.0,0.0,0.5714285714285714,0.0,1.0,"['P000126', 'P000181', 'P000231', 'P000381', 'P000394', 'P000395', 'P007111', 'P007336', 'P007982']",[],0.0,0.0,0.0,0.0,188308.64868948027,842.1775171731675,855,
127,E000090,habitation,0,5,0.0,0.0,1.0,0.8857142857142857,0.0,0.0,0.5714285714285714,0.0,1.0,"['P000078', 'P000181', 'P000256', 'P000267', 'P000334', 'P000394', 'P000395', 'P007111', 'P007265', 'P007982']",[],0.0,0.0,0.0,0.0,188308.64868948027,842.1775171731675,860,
128,E000103,habitation,0,5,0.0,0.0,1.0,0.8857142857142857,0.0,0.0,0.5714285714285714,0.0,1.0,"['P000126', 'P000181', 'P000196', 'P000231', 'P000381', 'P000394', 'P000395', 'P007111', 'P007124', 'P007982']",[],0.0,0.0,0.0,0.0,188308.64868948027,842.1775171731675,865,
129,E000105,habitation,0,5,0.0,0.0,1.0,0.8857142857142857,0.0,0.0,0.5714285714285714,0.0,1.0,"['P000126', 'P000181', 'P000196', 'P000231', 'P000381', 'P000394', 'P000395', 'P007111', 'P007279', 'P007982']",[],0.0,0.0,0.0,0.0,188308.64868948027,842.1775171731675,870,
130,E000116,habitation,0,5,0.0,0.0,1.0,0.8857142857142857,0.0,0.0,0.5714285714285714,0.0,1.0,"['P000147', 'P000181', 'P000256', 'P000334', 'P000342', 'P000394', 'P000395', 'P007111', 'P007229', 'P007982', 'P007987']",[],0.0,0.0,0.0,0.0,188308.64868948027,842.1775171731675,875,
131,E000123,habitation,0,5,0.0,0.0,1.0,0.8857142857142857,0.0,0.0,0.5714285714285714,0.0,1.0,"['P000046', 'P000163', 'P000181', 'P000279', 'P000290', 'P000292', 'P000317', 'P000326', 'P000394', 'P007111', 'P007310', 'P007982']",[],0.0,0.0,0.0,0.0,188308.64868948027,842.1775171731675,880,
132,E000134,habitation,0,5,0.0,0.0,1.0,0.8857142857142857,0.0,0.0,0.5714285714285714,0.0,1.0,"['P000009', 'P000046', 'P000163', 'P000181', 'P000198', 'P000279', 'P000290', 'P000292', 'P000317', 'P000326', 'P000394', 'P007111', 'P007409', 'P007982']",[],0.0,0.0,0.0,0.0,188308.64868948027,842.1775171731675,885,
133,E000143,habitation,0,5,0.0,0.0,1.0,0.8857142857142857,0.0,0.0,0.5714285714285714,0.0,1.0,"['P000046', 'P000163', 'P000181', 'P000279', 'P000290', 'P000292', 'P000317', 'P000394', 'P007111', 'P007266', 'P007982']",[],0.0,0.0,0.0,0.0,188308.64868948027,842.1775171731675,890,
134,E000162,habitation,0,5,0.0,0.0,1.0,0.8857142857142857,0.0,0.0,0.5714285714285714,0.0,1.0,"['P000046', 'P000163', 'P000181', 'P000279', 'P000290', 'P000292', 'P000294', 'P000317', 'P000326', 'P000331', 'P000349', 'P000394', 'P000400', 'P007111', 'P007362', 'P007982']",[],0.0,0.0,0.0,0.0,188308.64868948027,842.1775171731675,895,
135,E000170,habitation,0,5,0.0,0.0,1.0,0.8857142857142857,0.0,0.0,0.5714285714285714,0.0,1.0,"['P000046', 'P000134', 'P000163', 'P000181', 'P000279', 'P000290', 'P000292', 'P000317', 'P000394', 'P007111', 'P007356', 'P007982']",[],0.0,0.0,0.0,0.0,188308.64868948027,842.1775171731675,900,
136,E000171,habitation,0,5,0.0,0.0,1.0,0.8857142857142857,0.0,0.0,0.5714285714285714,0.0,1.0,"['P000046', 'P000134', 'P000163', 'P000181', 'P000279', 'P000290', 'P000292', 'P000317', 'P000394', 'P007111', 'P007303', 'P007982']",[],0.0,0.0,0.0,0.0,188308.64868948027,842.1775171731675,905,
137,E000180,habitation,0,5,0.0,0.0,1.0,0.8857142857142857,0.0,0.0,0.5714285714285714,0.0,1.0,"['P000046', 'P000084', 'P000134', 'P000153', 'P000163', 'P000181', 'P000253', 'P000279', 'P000290', 'P000292', 'P000296', 'P000317', 'P000372', 'P000394', 'P007111', 'P007235', 'P007982']",[],0.0,0.0,0.0,0.0,188308.64868948027,842.1775171731675,910,
138,E000181,habitation,0,5,0.0,0.0,1.0,0.8857142857142857,0.0,0.0,0.5714285714285714,0.0,1.0,"['P000046', 'P000084', 'P000134', 'P000153', 'P000163', 'P000181', 'P000253', 'P000279', 'P000290', 'P000292', 'P000296', 'P000317', 'P000372', 'P000394', 'P007111', 'P007140', 'P007982']",[],0.0,0.0,0.0,0.0,188308.64868948027,842.1775171731675,915,
139,E000194,habitation,0,5,0.0,0.0,1.0,0.8857142857142857,0.0,0.0,0.5714285714285714,0.0,1.0,"['P000181', 'P000265', 'P000381', 'P000394', 'P000395', 'P000719', 'P000732', 'P005100', 'P007111', 'P007260', 'P007982', 'P008001']",[],0.0,0.0,0.0,0.0,188308.64868948027,842.1775171731675,920,
140,E000201,habitation,0,5,0.0,0.0,1.0,0.8857142857142857,0.0,0.0,0.5714285714285714,0.0,1.0,"['P000046', 'P000084', 'P000134', 'P000153', 'P000163', 'P000181', 'P000253', 'P000266', 'P000279', 'P000290', 'P000292', 'P000296', 'P000317', 'P000372', 'P000394', 'P007111', 'P007349', 'P007982']",[],0.0,0.0,0.0,0.0,188308.64868948027,842.1775171731675,925,
141,E000204,habitation,0,5,0.0,0.0,1.0,0.8857142857142857,0.0,0.0,0.5714285714285714,0.0,1.0,"['P000046', 'P000084', 'P000134', 'P000141', 'P000153', 'P000163', 'P000181', 'P000253', 'P000279', 'P000290', 'P000292', 'P000296', 'P000317', 'P000372', 'P000394', 'P007111', 'P007119', 'P007982']",[],0.0,0.0,0.0,0.0,188308.64868948027,842.1775171731675,930,
142,E000212,habitation,0,5,0.0,0.0,1.0,0.8857142857142857,0.0,0.0,0.5714285714285714,0.0,1.0,"['P000046', 'P000134', 'P000163', 'P000181', 'P000279', 'P000290', 'P000292', 'P000296', 'P000317', 'P000372', 'P000394', 'P007111', 'P007158', 'P007982']",[],0.0,0.0,0.0,0.0,188308.64868948027,842.1775171731675,935,
143,E000224,habitation,0,5,0.0,0.0,1.0,0.8857142857142857,0.0,0.0,0.5714285714285714,0.0,1.0,"['P000046', 'P000163', 'P000181', 'P000206', 'P000279', 'P000290', 'P000292', 'P000317', 'P000394', 'P007111', 'P007221', 'P007982']",[],0.0,0.0,0.0,0.0,188308.64868948027,842.1775171731675,940,
144,E000225,habitation,0,5,0.0,0.0,1.0,0.8857142857142857,0.0,0.0,0.5714285714285714,0.0,1.0,"['P000181', 'P000265', 'P000381', 'P000394', 'P000395', 'P000719', 'P000732', 'P005100', 'P007111', 'P007157', 'P007982', 'P008001']",[],0.0,0.0,0.0,0.0,188308.64868948027,842.1775171731675,945,
145,E000230,habitation,0,5,0.0,0.0,1.0,0.8857142857142857,0.0,0.0,0.5714285714285714,0.0,1.0,"['P000046', 'P000084', 'P000134', 'P000139', 'P000153', 'P000163', 'P000181', 'P000253', 'P000266', 'P000279', 'P000290', 'P000292', 'P000296', 'P000317', 'P000372', 'P000394', 'P007111', 'P007148', 'P007982']",[],0.0,0.0,0.0,0.0,188308.64868948027,842.1775171731675,950,
146,E000231,habitation,0,5,0.0,0.0,1.0,0.8857142857142857,0.0,0.0,0.5714285714285714,0.0,1.0,"['P000046', 'P000084', 'P000134', 'P000139', 'P000153', 'P000163', 'P000181', 'P000253', 'P000266', 'P000279', 'P000290', 'P000292', 'P000296', 'P000317', 'P000372', 'P000394', 'P007111', 'P007230', 'P007982']",[],0.0,0.0,0.0,0.0,188308.64868948027,842.1775171731675,955,
147,E000233,habitation,0,5,0.0,0.0,1.0,0.8857142857142857,0.0,0.0,0.5714285714285714,0.0,1.0,"['P000046', 'P000049', 'P000084', 'P000134', 'P000141', 'P000153', 'P000163', 'P000181', 'P000253', 'P000279', 'P000290', 'P000292', 'P000296', 'P000317', 'P000372', 'P000394', 'P007111', 'P007172', 'P007982']",[],0.0,0.0,0.0,0.0,188308.64868948027,842.1775171731675,960,
148,E000234,habitation,0,5,0.0,0.0,1.0,0.8857142857142857,0.0,0.0,0.5714285714285714,0.0,1.0,"['P000046', 'P000049', 'P000084', 'P000134', 'P000141', 'P000153', 'P000163', 'P000181', 'P000253', 'P000279', 'P000290', 'P000292', 'P000296', 'P000317', 'P000372', 'P000394', 'P007111', 'P007212', 'P007982']",[],0.0,0.0,0.0,0.0,188308.64868948027,842.1775171731675,965,
149,E000240,habitation,0,5,0.0,0.0,1.0,0.8857142857142857,0.0,0.0,0.5714285714285714,0.0,1.0,"['P000046', 'P000115', 'P000163', 'P000181', 'P000279', 'P000290', 'P000292', 'P000314', 'P000317', 'P000353', 'P000394', 'P000402', 'P007111', 'P007311', 'P007982']",[],0.0,0.0,0.0,0.0,188308.64868948027,842.1775171731675,970,
150,E000243,habitation,0,5,0.0,0.0,1.0,0.8857142857142857,0.0,0.0,0.5714285714285714,0.0,1.0,"['P000046', 'P000115', 'P000163', 'P000181', 'P000279', 'P000290', 'P000292', 'P000314', 'P000317', 'P000353', 'P000394', 'P007111', 'P007384', 'P007982']",[],0.0,0.0,0.0,0.0,188308.64868948027,842.1775171731675,975,
151,E000250,habitation,0,5,0.0,0.0,1.0,0.8857142857142857,0.0,0.0,0.5714285714285714,0.0,1.0,"['P000046', 'P000115', 'P000163', 'P000181', 'P000279', 'P000290', 'P000292', 'P000317', 'P000391', 'P000394', 'P007111', 'P007217', 'P007982']",[],0.0,0.0,0.0,0.0,188308.64868948027,842.1775171731675,980,
152,E000271,habitation,0,5,0.0,0.0,1.0,0.8857142857142857,0.0,0.0,0.5714285714285714,0.0,1.0,"['P000046', 'P000115', 'P000163', 'P000181', 'P000216', 'P000279', 'P000290', 'P000292', 'P000311', 'P000314', 'P000317', 'P000353', 'P000394', 'P007111', 'P007411', 'P007982']",[],0.0,0.0,0.0,0.0,188308.64868948027,842.1775171731675,985,
153,E000279,habitation,0,5,0.0,0.0,1.0,0.8857142857142857,0.0,0.0,0.5714285714285714,0.0,1.0,"['P000046', 'P000064', 'P000068', 'P000084', 'P000134', 'P000142', 'P000163', 'P000181', 'P000233', 'P000252', 'P000279', 'P000290', 'P000292', 'P000296', 'P000317', 'P000372', 'P000380', 'P000394', 'P007111', 'P007329', 'P007982']",[],0.0,0.0,0.0,0.0,188308.64868948027,842.1775171731675,990,
154,E000284,habitation,0,5,0.0,0.0,1.0,0.8857142857142857,0.0,0.0,0.5714285714285714,0.0,1.0,"['P000046', 'P000084', 'P000121', 'P000134', 'P000142', 'P000163', 'P000181', 'P000233', 'P000252', 'P000279', 'P000290', 'P000292', 'P000296', 'P000317', 'P000335', 'P000372', 'P000380', 'P000394', 'P007111', 'P007317', 'P007982']",[],0.0,0.0,0.0,0.0,188308.64868948027,842.1775171731675,995,
155,E000287,habitation,0,5,0.0,0.0,1.0,0.8857142857142857,0.0,0.0,0.5714285714285714,0.0,1.0,"['P000046', 'P000084', 'P000121', 'P000134', 'P000142', 'P000163', 'P000181', 'P000233', 'P000252', 'P000279', 'P000290', 'P000292', 'P000296', 'P000317', 'P000335', 'P000372', 'P000380', 'P000394', 'P007111', 'P007191', 'P007982']",[],0.0,0.0,0.0,0.0,188308.64868948027,842.1775171731675,1000,
156,E000299,habitation,0,5,0.0,0.0,1.0,0.8857142857142857,0.0,0.0,0.5714285714285714,0.0,1.0,"['P000046', 'P000115', 'P000163', 'P000181', 'P000216', 'P000279', 'P000290', 'P000292', 'P000311', 'P000314', 'P000317', 'P000353', 'P000394', 'P007111', 'P007284', 'P007982', 'P007989']",[],0.0,0.0,0.0,0.0,188308.64868948027,842.1775171731675,1005,
157,E000312,habitation,0,5,0.0,0.0,1.0,0.8857142857142857,0.0,0.0,0.5714285714285714,0.0,1.0,"['P000046', 'P000055', 'P000115', 'P000163', 'P000181', 'P000216', 'P000279', 'P000286', 'P000290', 'P000292', 'P000311', 'P000314', 'P000317', 'P000353', 'P000394', 'P007111', 'P007153', 'P007982']",[],0.0,0.0,0.0,0.0,188308.64868948027,842.1775171731675,1010,
158,E000323,habitation,0,5,0.0,0.0,1.0,0.8857142857142857,0.0,0.0,0.5714285714285714,0.0,1.0,"['P000046', 'P000084', 'P000134', 'P000142', 'P000163', 'P000181', 'P000214', 'P000233', 'P000270', 'P000279', 'P000290', 'P000292', 'P000296', 'P000317', 'P000339', 'P000355', 'P000372', 'P000380', 'P000394', 'P000396', 'P007111', 'P007178', 'P007982']",[],0.0,0.0,0.0,0.0,188308.64868948027,842.1775171731675,1015,
159,E000330,habitation,0,5,0.0,0.0,1.0,0.8857142857142857,0.0,0.0,0.5714285714285714,0.0,1.0,"['P000023', 'P000046', 'P000084', 'P000134', 'P000142', 'P000163', 'P000181', 'P000211', 'P000226', 'P000233', 'P000252', 'P000279', 'P000290', 'P000292', 'P000296', 'P000310', 'P000317', 'P000335', 'P000372', 'P000380', 'P000394', 'P007111', 'P007306', 'P007982']",[],0.0,0.0,0.0,0.0,188308.64868948027,842.1775171731675,1020,
160,E000347,habitation,0,5,0.0,0.0,1.0,0.8857142857142857,0.0,0.0,0.5714285714285714,0.0,1.0,"['P000046', 'P000073', 'P000084', 'P000134', 'P000142', 'P000163', 'P000181', 'P000214', 'P000233', 'P000279', 'P000290', 'P000291', 'P000292', 'P000296', 'P000317', 'P000339', 'P000355', 'P000372', 'P000380', 'P000394', 'P000396', 'P007111', 'P007134', 'P007982']",[],0.0,0.0,0.0,0.0,188308.64868948027,842.1775171731675,1025,
161,E000362,habitation,0,5,0.0,0.0,1.0,0.8857142857142857,0.0,0.0,0.5714285714285714,0.0,1.0,"['P000046', 'P000084', 'P000134', 'P000142', 'P000163', 'P000181', 'P000233', 'P000252', 'P000279', 'P000290', 'P000292', 'P000296', 'P000317', 'P000339', 'P000355', 'P000372', 'P000380', 'P000394', 'P000396', 'P007111', 'P007270', 'P007982']",[],0.0,0.0,0.0,0.0,188308.64868948027,842.1775171731675,1030,
162,E000364,habitation,0,5,2459.07065862651,9.83628263450604,1.0,0.8973634294204654,0.008589899458365488,0.006509526425195528,0.5714285714285714,0.03683356157765325,1.0,"['P000023', 'P000046', 'P000084', 'P000134', 'P000136', 'P000142', 'P000163', 'P000181', 'P000211', 'P000226', 'P000233', 'P000252', 'P000279', 'P000290', 'P000292', 'P000296', 'P000317', 'P000335', 'P000372', 'P000380', 'P000394', 'P004862', 'P007111', 'P007518', 'P007982', 'P008031']",['P007518'],2459.07065862651,9.83628263450604,491.814131725302,1.967256526901208,190767.71934810677,852.0137998076735,1035,
163,E000112,habitation,0,6,10442.5347037063,41.7701388148252,1.0,0.9009735423474595,0.030397772047425567,0.023035787714264934,0.7142857142857143,0.15641508457125083,1.0,"['P000181', 'P000256', 'P000299', 'P000334', 'P000342', 'P000394', 'P000395', 'P005664', 'P007111', 'P007448', 'P007982']","['P005664', 'P007448']",10442.5347037063,41.7701388148252,1740.4224506177168,6.961689802470867,201210.25405181307,893.7839386224987,1041,
164,E000378,habitation,0,5,3763.841600168235,15.05536640067294,1.0,0.9035444084616113,0.013147658368107565,0.009963449513170982,0.5714285714285714,0.05637727035699057,1.0,"['P000023', 'P000046', 'P000084', 'P000134', 'P000136', 'P000142', 'P000163', 'P000181', 'P000211', 'P000226', 'P000233', 'P000252', 'P000279', 'P000290', 'P000292', 'P000296', 'P000317', 'P000335', 'P000372', 'P000380', 'P000394', 'P004234', 'P004862', 'P007111', 'P007497', 'P007982', 'P008031', 'P008032', 'P008035']",['P007497'],3763.841600168235,15.05536640067294,752.768320033647,3.011073280134588,204974.0956519813,908.8393050231716,1046,
165,E000374,habitation,0,7,18990.69024826881,105.50383471260449,1.0,0.9051472361269404,0.047383789163639514,0.04987220895334634,0.8571428571428571,0.28445492454960375,1.0,"['P000023', 'P000046', 'P000084', 'P000134', 'P000136', 'P000142', 'P000163', 'P000181', 'P000211', 'P000226', 'P000233', 'P000252', 'P000279', 'P000290', 'P000292', 'P000296', 'P000317', 'P000335', 'P000372', 'P000380', 'P000394', 'P004862', 'P007111', 'P007534', 'P007982', 'P008031', 'P008032', 'P008034']","['P007534', 'P008034']",18990.69024826881,105.50383471260449,2712.955749752687,15.071976387514926,223964.7859002501,1014.343139735776,1053,
166,E000228,habitation,0,8,30874.686530321676,150.68211842666423,1.0,0.9121278415698787,0.06740616932194649,0.062324690393063716,1.0,0.46246115926596865,1.0,"['P000181', 'P000265', 'P000381', 'P000394', 'P000395', 'P000494', 'P000719', 'P000732', 'P005100', 'P007111', 'P007810', 'P007982', 'P008001', 'P008003', 'P008004', 'P008010', 'P008011', 'P008012']","['P007810', 'P008010', 'P008012', 'P000494', 'P008011', 'P008004', 'P008003']",30874.686530321676,150.68211842666423,3859.3358162902096,18.83526480333303,254839.4724305718,1165.0252581624402,1061,
167,E000260,habitation,0,7,14540.099780428587,77.09296977827898,1.0,0.8866785758911687,0.03627909325080564,0.036442245991244605,0.8571428571428571,0.21779108246802992,1.0,"['P000181', 'P000265', 'P000381', 'P000394', 'P000395', 'P000494', 'P000719', 'P000732', 'P000740', 'P005100', 'P007111', 'P007702', 'P007982', 'P008001', 'P008003', 'P008004', 'P008010', 'P008012', 'P008013']","['P000740', 'P008013', 'P007702']",14540.099780428589,77.09296977827898,2077.1571114897984,11.013281396896998,269379.57221100037,1242.1182279407192,1068,
168,E000006,habitation,0,4,0.0,0.0,1.0,0.9142857142857143,0.0,0.0,0.42857142857142855,0.0,1.0,"['P000308', 'P007111', 'P007173', 'P007983']",[],0.0,0.0,0.0,0.0,269379.57221100037,1242.1182279407192,1072,
169,E000034,habitation,0,4,0.0,0.0,1.0,0.9142857142857143,0.0,0.0,0.42857142857142855,0.0,1.0,"['P000052', 'P000181', 'P000394', 'P000395', 'P007111', 'P007177', 'P007982']",[],0.0,0.0,0.0,0.0,269379.57221100037,1242.1182279407192,1076,
170,E000037,habitation,0,4,0.0,0.0,1.0,0.9142857142857143,0.0,0.0,0.42857142857142855,0.0,1.0,"['P000020', 'P000148', 'P000160', 'P000348', 'P007111', 'P007395', 'P007983']",[],0.0,0.0,0.0,0.0,269379.57221100037,1242.1182279407192,1080,
171,E000042,habitation,0,4,0.0,0.0,1.0,0.9142857142857143,0.0,0.0,0.42857142857142855,0.0,1.0,"['P000160', 'P000308', 'P000347', 'P007111', 'P007259', 'P007983']",[],0.0,0.0,0.0,0.0,269379.57221100037,1242.1182279407192,1084,
172,E000047,habitation,0,4,0.0,0.0,1.0,0.9142857142857143,0.0,0.0,0.42857142857142855,0.0,1.0,"['P000181', 'P000256', 'P000334', 'P000394', 'P000395', 'P007111', 'P007376', 'P007982']",[],0.0,0.0,0.0,0.0,269379.57221100037,1242.1182279407192,1088,
173,E000049,habitation,0,4,0.0,0.0,1.0,0.9142857142857143,0.0,0.0,0.42857142857142855,0.0,1.0,"['P000126', 'P000181', 'P000381', 'P000394', 'P000395', 'P007111', 'P007200', 'P007982']",[],0.0,0.0,0.0,0.0,269379.57221100037,1242.1182279407192,1092,
174,E000055,habitation,0,4,0.0,0.0,1.0,0.9142857142857143,0.0,0.0,0.42857142857142855,0.0,1.0,"['P000123', 'P000181', 'P000334', 'P000394', 'P000395', 'P007111', 'P007199', 'P007982']",[],0.0,0.0,0.0,0.0,269379.57221100037,1242.1182279407192,1096,
175,E000060,habitation,0,4,0.0,0.0,1.0,0.9142857142857143,0.0,0.0,0.42857142857142855,0.0,1.0,"['P000015', 'P000020', 'P000160', 'P000348', 'P000374', 'P007111', 'P007116', 'P007983']",[],0.0,0.0,0.0,0.0,269379.57221100037,1242.1182279407192,1100,
176,E000069,habitation,0,4,0.0,0.0,1.0,0.9142857142857143,0.0,0.0,0.42857142857142855,0.0,1.0,"['P000020', 'P000160', 'P000168', 'P000348', 'P007111', 'P007175', 'P007983']",[],0.0,0.0,0.0,0.0,269379.57221100037,1242.1182279407192,1104,
177,E000081,habitation,0,4,0.0,0.0,1.0,0.9142857142857143,0.0,0.0,0.42857142857142855,0.0,1.0,"['P000160', 'P000308', 'P000347', 'P000360', 'P007111', 'P007394', 'P007983']",[],0.0,0.0,0.0,0.0,269379.57221100037,1242.1182279407192,1108,
178,E000087,habitation,0,4,0.0,0.0,1.0,0.9142857142857143,0.0,0.0,0.42857142857142855,0.0,1.0,"['P000181', 'P000256', 'P000258', 'P000267', 'P000334', 'P000394', 'P000395', 'P007111', 'P007403', 'P007982']",[],0.0,0.0,0.0,0.0,269379.57221100037,1242.1182279407192,1112,
179,E000095,habitation,0,4,0.0,0.0,1.0,0.9142857142857143,0.0,0.0,0.42857142857142855,0.0,1.0,"['P000103', 'P000181', 'P000256', 'P000267', 'P000334', 'P000394', 'P000395', 'P007111', 'P007416', 'P007982']",[],0.0,0.0,0.0,0.0,269379.57221100037,1242.1182279407192,1116,
180,E000120,habitation,0,4,0.0,0.0,1.0,0.9142857142857143,0.0,0.0,0.42857142857142855,0.0,1.0,"['P000147', 'P000149', 'P000181', 'P000256', 'P000334', 'P000342', 'P000394', 'P000395', 'P007111', 'P007400', 'P007982', 'P008000']",[],0.0,0.0,0.0,0.0,269379.57221100037,1242.1182279407192,1120,
181,E000138,habitation,0,4,0.0,0.0,1.0,0.9142857142857143,0.0,0.0,0.42857142857142855,0.0,1.0,"['P000046', 'P000163', 'P000181', 'P000221', 'P000279', 'P000290', 'P000292', 'P000317', 'P000326', 'P000331', 'P000394', 'P007111', 'P007201', 'P007982']",[],0.0,0.0,0.0,0.0,269379.57221100037,1242.1182279407192,1124,
182,E000140,habitation,0,4,0.0,0.0,1.0,0.9142857142857143,0.0,0.0,0.42857142857142855,0.0,1.0,"['P000046', 'P000163', 'P000181', 'P000279', 'P000290', 'P000292', 'P000317', 'P000394', 'P007111', 'P007123', 'P007982']",[],0.0,0.0,0.0,0.0,269379.57221100037,1242.1182279407192,1128,
183,E000150,habitation,0,4,0.0,0.0,1.0,0.9142857142857143,0.0,0.0,0.42857142857142855,0.0,1.0,"['P000046', 'P000163', 'P000181', 'P000245', 'P000279', 'P000290', 'P000292', 'P000317', 'P000326', 'P000331', 'P000349', 'P000394', 'P007111', 'P007314', 'P007982']",[],0.0,0.0,0.0,0.0,269379.57221100037,1242.1182279407192,1132,
184,E000151,habitation,0,4,0.0,0.0,1.0,0.9142857142857143,0.0,0.0,0.42857142857142855,0.0,1.0,"['P000046', 'P000163', 'P000181', 'P000245', 'P000279', 'P000290', 'P000292', 'P000317', 'P000326', 'P000331', 'P000349', 'P000394', 'P007111', 'P007365', 'P007982']",[],0.0,0.0,0.0,0.0,269379.57221100037,1242.1182279407192,1136,
185,E000157,habitation,0,4,0.0,0.0,1.0,0.9142857142857143,0.0,0.0,0.42857142857142855,0.0,1.0,"['P000046', 'P000163', 'P000166', 'P000181', 'P000279', 'P000290', 'P000292', 'P000317', 'P000394', 'P000403', 'P007111', 'P007203', 'P007982']",[],0.0,0.0,0.0,0.0,269379.57221100037,1242.1182279407192,1140,
186,E000163,habitation,0,4,0.0,0.0,1.0,0.9142857142857143,0.0,0.0,0.42857142857142855,0.0,1.0,"['P000046', 'P000163', 'P000181', 'P000279', 'P000290', 'P000292', 'P000294', 'P000317', 'P000326', 'P000331', 'P000349', 'P000394', 'P000400', 'P007111', 'P007364', 'P007982']",[],0.0,0.0,0.0,0.0,269379.57221100037,1242.1182279407192,1144,
187,E000165,habitation,0,4,0.0,0.0,1.0,0.9142857142857143,0.0,0.0,0.42857142857142855,0.0,1.0,"['P000046', 'P000134', 'P000163', 'P000181', 'P000279', 'P000290', 'P000292', 'P000317', 'P000394', 'P007111', 'P007391', 'P007982']",[],0.0,0.0,0.0,0.0,269379.57221100037,1242.1182279407192,1148,
188,E000166,habitation,0,4,0.0,0.0,1.0,0.9142857142857143,0.0,0.0,0.42857142857142855,0.0,1.0,"['P000046', 'P000134', 'P000163', 'P000181', 'P000279', 'P000290', 'P000292', 'P000317', 'P000394', 'P007111', 'P007268', 'P007982']",[],0.0,0.0,0.0,0.0,269379.57221100037,1242.1182279407192,1152,
189,E000168,habitation,0,4,0.0,0.0,1.0,0.9142857142857143,0.0,0.0,0.42857142857142855,0.0,1.0,"['P000046', 'P000134', 'P000163', 'P000181', 'P000279', 'P000290', 'P000292', 'P000317', 'P000394', 'P007111', 'P007194', 'P007982']",[],0.0,0.0,0.0,0.0,269379.57221100037,1242.1182279407192,1156,
190,E000173,habitation,0,4,0.0,0.0,1.0,0.9142857142857143,0.0,0.0,0.42857142857142855,0.0,1.0,"['P000046', 'P000145', 'P000163', 'P000181', 'P000279', 'P000290', 'P000292', 'P000312', 'P000317', 'P000394', 'P000403', 'P007111', 'P007292', 'P007982']",[],0.0,0.0,0.0,0.0,269379.57221100037,1242.1182279407192,1160,
191,E000182,habitation,0,4,0.0,0.0,1.0,0.9142857142857143,0.0,0.0,0.42857142857142855,0.0,1.0,"['P000046', 'P000084', 'P000134', 'P000153', 'P000163', 'P000181', 'P000253', 'P000279', 'P000290', 'P000292', 'P000296', 'P000317', 'P000372', 'P000394', 'P007111', 'P007264', 'P007982']",[],0.0,0.0,0.0,0.0,269379.57221100037,1242.1182279407192,1164,
192,E000192,habitation,0,4,0.0,0.0,1.0,0.9142857142857143,0.0,0.0,0.42857142857142855,0.0,1.0,"['P000046', 'P000163', 'P000181', 'P000279', 'P000290', 'P000292', 'P000317', 'P000394', 'P007111', 'P007339', 'P007982']",[],0.0,0.0,0.0,0.0,269379.57221100037,1242.1182279407192,1168,
193,E000195,habitation,0,4,0.0,0.0,1.0,0.9142857142857143,0.0,0.0,0.42857142857142855,0.0,1.0,"['P000181', 'P000265', 'P000381', 'P000394', 'P000395', 'P000719', 'P000732', 'P005100', 'P007111', 'P007210', 'P007982', 'P008001']",[],0.0,0.0,0.0,0.0,269379.57221100037,1242.1182279407192,1172,
194,E000215,habitation,0,4,0.0,0.0,1.0,0.9142857142857143,0.0,0.0,0.42857142857142855,0.0,1.0,"['P000046', 'P000115', 'P000163', 'P000181', 'P000279', 'P000290', 'P000292', 'P000314', 'P000317', 'P000353', 'P000394', 'P007111', 'P007396', 'P007982']",[],0.0,0.0,0.0,0.0,269379.57221100037,1242.1182279407192,1176,
195,E000217,habitation,0,4,0.0,0.0,1.0,0.9142857142857143,0.0,0.0,0.42857142857142855,0.0,1.0,"['P000046', 'P000115', 'P000163', 'P000181', 'P000279', 'P000290', 'P000292', 'P000317', 'P000394', 'P007111', 'P007246', 'P007982']",[],0.0,0.0,0.0,0.0,269379.57221100037,1242.1182279407192,1180,
196,E000218,habitation,0,4,0.0,0.0,1.0,0.9142857142857143,0.0,0.0,0.42857142857142855,0.0,1.0,"['P000046', 'P000115', 'P000163', 'P000181', 'P000279', 'P000290', 'P000292', 'P000317', 'P000394', 'P007111', 'P007275', 'P007982']",[],0.0,0.0,0.0,0.0,269379.57221100037,1242.1182279407192,1184,
197,E000221,habitation,0,4,0.0,0.0,1.0,0.9142857142857143,0.0,0.0,0.42857142857142855,0.0,1.0,"['P000046', 'P000151', 'P000163', 'P000181', 'P000203', 'P000279', 'P000290', 'P000292', 'P000317', 'P000394', 'P007111', 'P007383', 'P007982']",[],0.0,0.0,0.0,0.0,269379.57221100037,1242.1182279407192,1188,
198,E000236,habitation,0,4,0.0,0.0,1.0,0.9142857142857143,0.0,0.0,0.42857142857142855,0.0,1.0,"['P000046', 'P000049', 'P000084', 'P000134', 'P000141', 'P000153', 'P000163', 'P000181', 'P000253', 'P000279', 'P000290', 'P000292', 'P000296', 'P000317', 'P000372', 'P000394', 'P007111', 'P007154', 'P007982']",[],0.0,0.0,0.0,0.0,269379.57221100037,1242.1182279407192,1192,
199,E000239,habitation,0,4,0.0,0.0,1.0,0.9142857142857143,0.0,0.0,0.42857142857142855,0.0,1.0,"['P000046', 'P000115', 'P000163', 'P000181', 'P000216', 'P000279', 'P000290', 'P000292', 'P000314', 'P000317', 'P000353', 'P000394', 'P007111', 'P007179', 'P007982']",[],0.0,0.0,0.0,0.0,269379.57221100037,1242.1182279407192,1196,
200,E000251,habitation,0,4,0.0,0.0,1.0,0.9142857142857143,0.0,0.0,0.42857142857142855,0.0,1.0,"['P000046', 'P000163', 'P000181', 'P000279', 'P000290', 'P000292', 'P000317', 'P000394', 'P000398', 'P007111', 'P007304', 'P007982']",[],0.0,0.0,0.0,0.0,269379.57221100037,1242.1182279407192,1200,
201,E000278,habitation,0,4,0.0,0.0,1.0,0.9142857142857143,0.0,0.0,0.42857142857142855,0.0,1.0,"['P000046', 'P000064', 'P000068', 'P000084', 'P000134', 'P000142', 'P000163', 'P000181', 'P000233', 'P000252', 'P000279', 'P000290', 'P000292', 'P000296', 'P000317', 'P000372', 'P000380', 'P000394', 'P007111', 'P007406', 'P007982']",[],0.0,0.0,0.0,0.0,269379.57221100037,1242.1182279407192,1204,
202,E000281,habitation,0,4,0.0,0.0,1.0,0.9142857142857143,0.0,0.0,0.42857142857142855,0.0,1.0,"['P000046', 'P000084', 'P000134', 'P000142', 'P000163', 'P000181', 'P000211', 'P000233', 'P000252', 'P000279', 'P000290', 'P000292', 'P000296', 'P000317', 'P000335', 'P000372', 'P000380', 'P000394', 'P007111', 'P007326', 'P007982']",[],0.0,0.0,0.0,0.0,269379.57221100037,1242.1182279407192,1208,
203,E000286,habitation,0,4,0.0,0.0,1.0,0.9142857142857143,0.0,0.0,0.42857142857142855,0.0,1.0,"['P000046', 'P000084', 'P000121', 'P000134', 'P000142', 'P000163', 'P000181', 'P000233', 'P000252', 'P000279', 'P000290', 'P000292', 'P000296', 'P000317', 'P000335', 'P000372', 'P000380', 'P000394', 'P007111', 'P007309', 'P007982']",[],0.0,0.0,0.0,0.0,269379.57221100037,1242.1182279407192,1212,
204,E000289,habitation,0,4,0.0,0.0,1.0,0.9142857142857143,0.0,0.0,0.42857142857142855,0.0,1.0,"['P000046', 'P000084', 'P000134', 'P000142', 'P000163', 'P000181', 'P000233', 'P000252', 'P000279', 'P000290', 'P000292', 'P000296', 'P000317', 'P000372', 'P000380', 'P000394', 'P007111', 'P007293', 'P007982']",[],0.0,0.0,0.0,0.0,269379.57221100037,1242.1182279407192,1216,
205,E000297,habitation,0,4,0.0,0.0,1.0,0.9142857142857143,0.0,0.0,0.42857142857142855,0.0,1.0,"['P000046', 'P000115', 'P000163', 'P000181', 'P000216', 'P000273', 'P000279', 'P000290', 'P000292', 'P000311', 'P000314', 'P000317', 'P000353', 'P000394', 'P007111', 'P007165', 'P007982']",[],0.0,0.0,0.0,0.0,269379.57221100037,1242.1182279407192,1220,
206,E000298,habitation,0,4,0.0,0.0,1.0,0.9142857142857143,0.0,0.0,0.42857142857142855,0.0,1.0,"['P000046', 'P000115', 'P000163', 'P000181', 'P000216', 'P000273', 'P000279', 'P000290', 'P000292', 'P000311', 'P000314', 'P000317', 'P000353', 'P000394', 'P007111', 'P007258', 'P007982']",[],0.0,0.0,0.0,0.0,269379.57221100037,1242.1182279407192,1224,
207,E000308,habitation,0,4,0.0,0.0,1.0,0.9142857142857143,0.0,0.0,0.42857142857142855,0.0,1.0,"['P000046', 'P000084', 'P000134', 'P000142', 'P000163', 'P000181', 'P000233', 'P000279', 'P000290', 'P000292', 'P000296', 'P000317', 'P000328', 'P000339', 'P000355', 'P000372', 'P000380', 'P000394', 'P000396', 'P007111', 'P007262', 'P007982']",[],0.0,0.0,0.0,0.0,269379.57221100037,1242.1182279407192,1228,
208,E000321,habitation,0,4,0.0,0.0,1.0,0.9142857142857143,0.0,0.0,0.42857142857142855,0.0,1.0,"['P000046', 'P000066', 'P000084', 'P000134', 'P000142', 'P000163', 'P000181', 'P000211', 'P000226', 'P000233', 'P000252', 'P000279', 'P000290', 'P000292', 'P000296', 'P000317', 'P000335', 'P000372', 'P000380', 'P000394', 'P007111', 'P007205', 'P007982']",[],0.0,0.0,0.0,0.0,269379.57221100037,1242.1182279407192,1232,
209,E000331,habitation,0,4,0.0,0.0,1.0,0.9142857142857143,0.0,0.0,0.42857142857142855,0.0,1.0,"['P000023', 'P000046', 'P000084', 'P000134', 'P000136', 'P000142', 'P000163', 'P000181', 'P000211', 'P000226', 'P000233', 'P000252', 'P000279', 'P000290', 'P000292', 'P000296', 'P000317', 'P000335', 'P000372', 'P000380', 'P000394', 'P007111', 'P007272', 'P007982']",[],0.0,0.0,0.0,0.0,269379.57221100037,1242.1182279407192,1236,
210,E000344,habitation,0,4,0.0,0.0,1.0,0.9142857142857143,0.0,0.0,0.42857142857142855,0.0,1.0,"['P000046', 'P000066', 'P000084', 'P000134', 'P000142', 'P000163', 'P000181', 'P000211', 'P000226', 'P000233', 'P000252', 'P000279', 'P000290', 'P000292', 'P000296', 'P000317', 'P000335', 'P000371', 'P000372', 'P000380', 'P000394', 'P007111', 'P007137', 'P007982']",[],0.0,0.0,0.0,0.0,269379.57221100037,1242.1182279407192,1240,
211,E000350,habitation,0,4,0.0,0.0,1.0,0.9142857142857143,0.0,0.0,0.42857142857142855,0.0,1.0,"['P000046', 'P000084', 'P000134', 'P000142', 'P000163', 'P000181', 'P000233', 'P000279', 'P000290', 'P000292', 'P000296', 'P000317', 'P000339', 'P000355', 'P000372', 'P000380', 'P000388', 'P000394', 'P000396', 'P007111', 'P007237', 'P007982']",[],0.0,0.0,0.0,0.0,269379.57221100037,1242.1182279407192,1244,
212,E000222,habitation,0,6,13689.65046777896,63.29690389417812,1.0,0.9161961261703869,0.03984998720480972,0.03490756991592771,0.7142857142857143,0.20686007009384833,1.0,"['P000046', 'P000163', 'P000181', 'P000279', 'P000290', 'P000292', 'P000317', 'P000394', 'P005820', 'P007111', 'P007627', 'P007982']","['P005820', 'P007627']",13689.65046777896,63.29690389417812,2281.608411296493,10.54948398236302,283069.22267877933,1305.4151318348972,1250,
213,E000377,habitation,0,6,14573.769115695948,79.27533126124621,1.0,0.921977212469122,0.042423618788022956,0.04371950282492113,0.7142857142857143,0.22021971327172551,1.0,"['P000023', 'P000046', 'P000084', 'P000134', 'P000136', 'P000142', 'P000163', 'P000181', 'P000211', 'P000226', 'P000233', 'P000252', 'P000279', 'P000290', 'P000292', 'P000296', 'P000317', 'P000335', 'P000372', 'P000380', 'P000394', 'P004196', 'P004862', 'P007111', 'P007703', 'P007982', 'P008031', 'P008032', 'P008035']","['P007703', 'P004196']",14573.769115695948,79.27533126124621,2428.961519282658,13.212555210207702,297642.9917944753,1384.6904630961435,1256,
214,E000128,habitation,0,6,16148.233437834475,69.1636323652628,1.0,0.9258916272416762,0.0470068171128688,0.03814300832891126,0.7142857142857143,0.24401095621137672,1.0,"['P000147', 'P000181', 'P000256', 'P000334', 'P000342', 'P000394', 'P000395', 'P001156', 'P005317', 'P007111', 'P007679', 'P007982', 'P007987']","['P005317', 'P007679', 'P001156']",16148.233437834475,69.1636323652628,2691.372239639079,11.527272060877133,313791.2252323098,1453.8540954614064,1262,
215,E000001,habitation,0,3,0.0,0.0,1.0,0.9428571428571428,0.0,0.0,0.2857142857142857,0.0,1.0,"['P000308', 'P007111', 'P007819', 'P007983']",[],0.0,0.0,0.0,0.0,313791.2252323098,1453.8540954614064,1265,
216,E000002,habitation,0,3,0.0,0.0,1.0,0.9428571428571428,0.0,0.0,0.2857142857142857,0.0,1.0,"['P000308', 'P007111', 'P007240', 'P007983']",[],0.0,0.0,0.0,0.0,313791.2252323098,1453.8540954614064,1268,
217,E000013,habitation,0,3,0.0,0.0,1.0,0.9428571428571428,0.0,0.0,0.2857142857142857,0.0,1.0,"['P000241', 'P007111', 'P007151', 'P007982']",[],0.0,0.0,0.0,0.0,313791.2252323098,1453.8540954614064,1271,
218,E000018,habitation,0,3,0.0,0.0,1.0,0.9428571428571428,0.0,0.0,0.2857142857142857,0.0,1.0,"['P000029', 'P000241', 'P007111', 'P007381', 'P007982']",[],0.0,0.0,0.0,0.0,313791.2252323098,1453.8540954614064,1274,
219,E000021,habitation,0,3,0.0,0.0,1.0,0.9428571428571428,0.0,0.0,0.2857142857142857,0.0,1.0,"['P000170', 'P000241', 'P007111', 'P007225', 'P007982']",[],0.0,0.0,0.0,0.0,313791.2252323098,1453.8540954614064,1277,
220,E000030,habitation,0,3,0.0,0.0,1.0,0.9428571428571428,0.0,0.0,0.2857142857142857,0.0,1.0,"['P000181', 'P000334', 'P000394', 'P000395', 'P007111', 'P007244', 'P007982']",[],0.0,0.0,0.0,0.0,313791.2252323098,1453.8540954614064,1280,
221,E000031,habitation,0,3,0.0,0.0,1.0,0.9428571428571428,0.0,0.0,0.2857142857142857,0.0,1.0,"['P000181', 'P000334', 'P000394', 'P000395', 'P007111', 'P007133', 'P007982']",[],0.0,0.0,0.0,0.0,313791.2252323098,1453.8540954614064,1283,
222,E000050,habitation,0,3,0.0,0.0,1.0,0.9428571428571428,0.0,0.0,0.2857142857142857,0.0,1.0,"['P000126', 'P000181', 'P000381', 'P000394', 'P000395', 'P007111', 'P007300', 'P007982']",[],0.0,0.0,0.0,0.0,313791.2252323098,1453.8540954614064,1286,
223,E000051,habitation,0,3,0.0,0.0,1.0,0.9428571428571428,0.0,0.0,0.2857142857142857,0.0,1.0,"['P000126', 'P000181', 'P000381', 'P000394', 'P000395', 'P007111', 'P007184', 'P007982']",[],0.0,0.0,0.0,0.0,313791.2252323098,1453.8540954614064,1289,
224,E000061,habitation,0,3,0.0,0.0,1.0,0.9428571428571428,0.0,0.0,0.2857142857142857,0.0,1.0,"['P000015', 'P000020', 'P000075', 'P000160', 'P000348', 'P007111', 'P007295', 'P007983']",[],0.0,0.0,0.0,0.0,313791.2252323098,1453.8540954614064,1292,
225,E000063,habitation,0,3,0.0,0.0,1.0,0.9428571428571428,0.0,0.0,0.2857142857142857,0.0,1.0,"['P000020', 'P000160', 'P000192', 'P000236', 'P000348', 'P007111', 'P007121', 'P007983']",[],0.0,0.0,0.0,0.0,313791.2252323098,1453.8540954614064,1295,
226,E000064,habitation,0,3,0.0,0.0,1.0,0.9428571428571428,0.0,0.0,0.2857142857142857,0.0,1.0,"['P000020', 'P000160', 'P000192', 'P000236', 'P000348', 'P007111', 'P007369', 'P007983']",[],0.0,0.0,0.0,0.0,313791.2252323098,1453.8540954614064,1298,
227,E000070,habitation,0,3,0.0,0.0,1.0,0.9428571428571428,0.0,0.0,0.2857142857142857,0.0,1.0,"['P000020', 'P000160', 'P000306', 'P000348', 'P007111', 'P007216', 'P007983']",[],0.0,0.0,0.0,0.0,313791.2252323098,1453.8540954614064,1301,
228,E000073,habitation,0,3,0.0,0.0,1.0,0.9428571428571428,0.0,0.0,0.2857142857142857,0.0,1.0,"['P000160', 'P000209', 'P000308', 'P000347', 'P007111', 'P007126', 'P007983']",[],0.0,0.0,0.0,0.0,313791.2252323098,1453.8540954614064,1304,
229,E000076,habitation,0,3,0.0,0.0,1.0,0.9428571428571428,0.0,0.0,0.2857142857142857,0.0,1.0,"['P000160', 'P000277', 'P000308', 'P000347', 'P007111', 'P007189', 'P007983']",[],0.0,0.0,0.0,0.0,313791.2252323098,1453.8540954614064,1307,
230,E000092,habitation,0,3,0.0,0.0,1.0,0.9428571428571428,0.0,0.0,0.2857142857142857,0.0,1.0,"['P000078', 'P000181', 'P000256', 'P000267', 'P000334', 'P000394', 'P000395', 'P007111', 'P007334', 'P007982']",[],0.0,0.0,0.0,0.0,313791.2252323098,1453.8540954614064,1310,
231,E000093,habitation,0,3,0.0,0.0,1.0,0.9428571428571428,0.0,0.0,0.2857142857142857,0.0,1.0,"['P000078', 'P000181', 'P000256', 'P000267', 'P000334', 'P000394', 'P000395', 'P007111', 'P007273', 'P007982']",[],0.0,0.0,0.0,0.0,313791.2252323098,1453.8540954614064,1313,
232,E000118,habitation,0,3,0.0,0.0,1.0,0.9428571428571428,0.0,0.0,0.2857142857142857,0.0,1.0,"['P000046', 'P000163', 'P000181', 'P000279', 'P000290', 'P000292', 'P000317', 'P000326', 'P000394', 'P007111', 'P007291', 'P007982']",[],0.0,0.0,0.0,0.0,313791.2252323098,1453.8540954614064,1316,
233,E000147,habitation,0,3,0.0,0.0,1.0,0.9428571428571428,0.0,0.0,0.2857142857142857,0.0,1.0,"['P000046', 'P000163', 'P000181', 'P000279', 'P000290', 'P000292', 'P000294', 'P000317', 'P000326', 'P000331', 'P000349', 'P000394', 'P007111', 'P007817', 'P007982']",[],0.0,0.0,0.0,0.0,313791.2252323098,1453.8540954614064,1319,
234,E000149,habitation,0,3,0.0,0.0,1.0,0.9428571428571428,0.0,0.0,0.2857142857142857,0.0,1.0,"['P000046', 'P000163', 'P000181', 'P000230', 'P000279', 'P000290', 'P000292', 'P000317', 'P000326', 'P000331', 'P000349', 'P000394', 'P007111', 'P007125', 'P007982']",[],0.0,0.0,0.0,0.0,313791.2252323098,1453.8540954614064,1322,
235,E000164,habitation,0,3,0.0,0.0,1.0,0.9428571428571428,0.0,0.0,0.2857142857142857,0.0,1.0,"['P000046', 'P000134', 'P000163', 'P000181', 'P000279', 'P000290', 'P000292', 'P000317', 'P000394', 'P007111', 'P007299', 'P007982']",[],0.0,0.0,0.0,0.0,313791.2252323098,1453.8540954614064,1325,
236,E000187,habitation,0,3,0.0,0.0,1.0,0.9428571428571428,0.0,0.0,0.2857142857142857,0.0,1.0,"['P000046', 'P000134', 'P000163', 'P000181', 'P000279', 'P000290', 'P000292', 'P000317', 'P000372', 'P000394', 'P007111', 'P007278', 'P007982']",[],0.0,0.0,0.0,0.0,313791.2252323098,1453.8540954614064,1328,
237,E000196,habitation,0,3,0.0,0.0,1.0,0.9428571428571428,0.0,0.0,0.2857142857142857,0.0,1.0,"['P000181', 'P000265', 'P000381', 'P000394', 'P000395', 'P000719', 'P000732', 'P005100', 'P007111', 'P007169', 'P007982', 'P008001']",[],0.0,0.0,0.0,0.0,313791.2252323098,1453.8540954614064,1331,
238,E000219,habitation,0,3,0.0,0.0,1.0,0.9428571428571428,0.0,0.0,0.2857142857142857,0.0,1.0,"['P000046', 'P000115', 'P000163', 'P000181', 'P000279', 'P000290', 'P000292', 'P000317', 'P000394', 'P007111', 'P007176', 'P007982']",[],0.0,0.0,0.0,0.0,313791.2252323098,1453.8540954614064,1334,
239,E000244,habitation,0,3,0.0,0.0,1.0,0.9428571428571428,0.0,0.0,0.2857142857142857,0.0,1.0,"['P000046', 'P000115', 'P000163', 'P000181', 'P000279', 'P000290', 'P000292', 'P000314', 'P000317', 'P000353', 'P000394', 'P007111', 'P007136', 'P007982']",[],0.0,0.0,0.0,0.0,313791.2252323098,1453.8540954614064,1337,
240,E000247,habitation,0,3,0.0,0.0,1.0,0.9428571428571428,0.0,0.0,0.2857142857142857,0.0,1.0,"['P000046', 'P000115', 'P000163', 'P000181', 'P000279', 'P000290', 'P000292', 'P000317', 'P000391', 'P000394', 'P007111', 'P007159', 'P007982']",[],0.0,0.0,0.0,0.0,313791.2252323098,1453.8540954614064,1340,
241,E000254,habitation,0,3,0.0,0.0,1.0,0.9428571428571428,0.0,0.0,0.2857142857142857,0.0,1.0,"['P000046', 'P000163', 'P000181', 'P000206', 'P000260', 'P000279', 'P000290', 'P000292', 'P000317', 'P000394', 'P007111', 'P007281', 'P007982']",[],0.0,0.0,0.0,0.0,313791.2252323098,1453.8540954614064,1343,
242,E000261,habitation,0,3,0.0,0.0,1.0,0.9428571428571428,0.0,0.0,0.2857142857142857,0.0,1.0,"['P000046', 'P000064', 'P000084', 'P000134', 'P000142', 'P000163', 'P000181', 'P000233', 'P000252', 'P000279', 'P000290', 'P000292', 'P000296', 'P000317', 'P000372', 'P000380', 'P000394', 'P007111', 'P007302', 'P007982']",[],0.0,0.0,0.0,0.0,313791.2252323098,1453.8540954614064,1346,
243,E000262,habitation,0,3,0.0,0.0,1.0,0.9428571428571428,0.0,0.0,0.2857142857142857,0.0,1.0,"['P000046', 'P000064', 'P000084', 'P000134', 'P000142', 'P000163', 'P000181', 'P000233', 'P000252', 'P000279', 'P000290', 'P000292', 'P000296', 'P000317', 'P000372', 'P000380', 'P000394', 'P007111', 'P007149', 'P007982']",[],0.0,0.0,0.0,0.0,313791.2252323098,1453.8540954614064,1349,
244,E000265,habitation,0,3,0.0,0.0,1.0,0.9428571428571428,0.0,0.0,0.2857142857142857,0.0,1.0,"['P000046', 'P000084', 'P000134', 'P000142', 'P000163', 'P000181', 'P000233', 'P000252', 'P000279', 'P000290', 'P000292', 'P000296', 'P000317', 'P000335', 'P000372', 'P000380', 'P000394', 'P007111', 'P007185', 'P007982']",[],0.0,0.0,0.0,0.0,313791.2252323098,1453.8540954614064,1352,
245,E000292,habitation,0,3,0.0,0.0,1.0,0.9428571428571428,0.0,0.0,0.2857142857142857,0.0,1.0,"['P000046', 'P000084', 'P000134', 'P000142', 'P000163', 'P000181', 'P000233', 'P000279', 'P000290', 'P000292', 'P000296', 'P000317', 'P000339', 'P000355', 'P000372', 'P000380', 'P000394', 'P000396', 'P007111', 'P007375', 'P007982']",[],0.0,0.0,0.0,0.0,313791.2252323098,1453.8540954614064,1355,
246,E000335,habitation,0,3,0.0,0.0,1.0,0.9428571428571428,0.0,0.0,0.2857142857142857,0.0,1.0,"['P000046', 'P000066', 'P000084', 'P000134', 'P000142', 'P000163', 'P000181', 'P000211', 'P000226', 'P000233', 'P000252', 'P000279', 'P000290', 'P000292', 'P000296', 'P000317', 'P000335', 'P000369', 'P000372', 'P000380', 'P000394', 'P007111', 'P007213', 'P007982']",[],0.0,0.0,0.0,0.0,313791.2252323098,1453.8540954614064,1358,
247,E000336,habitation,0,3,0.0,0.0,1.0,0.9428571428571428,0.0,0.0,0.2857142857142857,0.0,1.0,"['P000046', 'P000066', 'P000084', 'P000134', 'P000142', 'P000163', 'P000181', 'P000211', 'P000226', 'P000233', 'P000252', 'P000279', 'P000290', 'P000292', 'P000296', 'P000317', 'P000335', 'P000369', 'P000372', 'P000380', 'P000394', 'P007111', 'P007294', 'P007982']",[],0.0,0.0,0.0,0.0,313791.2252323098,1453.8540954614064,1361,
248,E000349,habitation,0,3,0.0,0.0,1.0,0.9428571428571428,0.0,0.0,0.2857142857142857,0.0,1.0,"['P000046', 'P000084', 'P000134', 'P000142', 'P000163', 'P000181', 'P000233', 'P000279', 'P000290', 'P000292', 'P000296', 'P000317', 'P000339', 'P000355', 'P000372', 'P000380', 'P000388', 'P000394', 'P000396', 'P007111', 'P007241', 'P007982']",[],0.0,0.0,0.0,0.0,313791.2252323098,1453.8540954614064,1364,
249,E000355,habitation,0,3,0.0,0.0,1.0,0.9428571428571428,0.0,0.0,0.2857142857142857,0.0,1.0,"['P000046', 'P000084', 'P000134', 'P000142', 'P000163', 'P000181', 'P000233', 'P000279', 'P000290', 'P000292', 'P000296', 'P000317', 'P000339', 'P000355', 'P000367', 'P000372', 'P000380', 'P000394', 'P000396', 'P007111', 'P007192', 'P007982']",[],0.0,0.0,0.0,0.0,313791.2252323098,1453.8540954614064,1367,
250,E000268,habitation,0,6,20294.061070636693,94.86308667724003,1.0,0.9448559807088347,0.05907514409531214,0.052315984304108186,0.7142857142857143,0.3066572740802668,1.0,"['P000046', 'P000084', 'P000134', 'P000141', 'P000153', 'P000163', 'P000181', 'P000253', 'P000279', 'P000290', 'P000292', 'P000296', 'P000317', 'P000372', 'P000394', 'P003569', 'P006457', 'P007111', 'P007696', 'P007982']","['P006457', 'P003569', 'P007696']",20294.061070636693,94.86308667724003,3382.343511772782,15.810514446206673,334085.28630294645,1548.7171821386464,1373,
251,E000197,habitation,0,4,5640.68949834416,22.56275799337664,1.0,0.9456493863947998,0.024629708939360714,0.018664681928203936,0.42857142857142855,0.08523471273072006,1.0,"['P000181', 'P000265', 'P000381', 'P000394', 'P000395', 'P000494', 'P000719', 'P000732', 'P000748', 'P005100', 'P007111', 'P007763', 'P007982', 'P008001', 'P008003', 'P008004']","['P000748', 'P007763']",5640.68949834416,22.56275799337664,1410.17237458604,5.64068949834416,339725.9758012906,1571.279940132023,1377,
252,E000346,habitation,0,7,29629.469897401767,147.87819851470985,1.0,0.9460645123161235,0.07392867432908995,0.06990279013137095,0.8571428571428571,0.4477217467492073,1.0,"['P000046', 'P000084', 'P000134', 'P000142', 'P000163', 'P000181', 'P000233', 'P000252', 'P000279', 'P000290', 'P000292', 'P000296', 'P000317', 'P000372', 'P000380', 'P000394', 'P003802', 'P003870', 'P006712', 'P007111', 'P007699', 'P007982']","['P006712', 'P007699', 'P003802', 'P003870']",29629.469897401767,147.87819851470985,4232.7814139145385,21.125456930672836,369355.44569869235,1719.1581386467328,1384,
253,E000322,habitation,0,5,5619.42634442935,22.4777053777174,1.0,0.9124089087907821,0.01962949179317171,0.014875458806024736,0.5714285714285714,0.08491341179468911,1.0,"['P000046', 'P000084', 'P000134', 'P000142', 'P000163', 'P000181', 'P000233', 'P000252', 'P000279', 'P000290', 'P000292', 'P000296', 'P000317', 'P000372', 'P000380', 'P000394', 'P003802', 'P006712', 'P007111', 'P007602', 'P007982']",['P007602'],5619.42634442935,22.4777053777174,1123.8852688858701,4.49554107554348,374974.8720431217,1741.6358440244503,1389,
254,E000111,habitation,0,5,13420.373244887322,55.59281773692445,1.0,0.9498461331096015,0.0468793592664428,0.036790617914951924,0.5714285714285714,0.2027911053432035,1.0,"['P000020', 'P000160', 'P000348', 'P005770', 'P007111', 'P007813', 'P007983', 'P007985']","['P005770', 'P007813', 'P007985']",13420.373244887322,55.59281773692445,2684.074648977464,11.118563547384891,388395.24528800906,1797.2286617613747,1394,
255,E000368,habitation,0,8,41667.993774638955,216.40473527125647,1.0,0.9534950384963432,0.09097031125873142,0.08950868401772678,1.0,0.6296321540991315,1.0,"['P000046', 'P000084', 'P000134', 'P000142', 'P000163', 'P000181', 'P000233', 'P000279', 'P000290', 'P000292', 'P000296', 'P000317', 'P000328', 'P000339', 'P000355', 'P000372', 'P000380', 'P000394', 'P000396', 'P004282', 'P004284', 'P006950', 'P007111', 'P007609', 'P007982', 'P008033']","['P008033', 'P006950', 'P004284', 'P004282', 'P007609']",41667.99377463896,216.40473527125644,5208.49922182987,27.050591908907055,430063.23906264803,2013.6333970326311,1402,
256,E000359,habitation,0,4,8465.104710900921,33.86041884360368,1.0,0.9613538552638182,0.03696233682635867,0.028010491796133668,0.42857142857142855,0.12791357660812736,1.0,"['P000046', 'P000084', 'P000134', 'P000142', 'P000163', 'P000181', 'P000233', 'P000252', 'P000279', 'P000290', 'P000292', 'P000296', 'P000317', 'P000372', 'P000380', 'P000394', 'P003802', 'P003870', 'P003881', 'P006712', 'P007111', 'P007637', 'P007982']","['P003881', 'P007637']",8465.104710900921,33.86041884360368,2116.2761777252304,8.46510471090092,438528.34377354896,2047.4938158762347,1406,
257,E000267,habitation,0,4,8056.301056853166,44.757228093628704,1.0,0.9621908777931216,0.035177321888823276,0.03702470356686364,0.42857142857142855,0.12173627115171856,1.0,"['P000046', 'P000084', 'P000134', 'P000141', 'P000153', 'P000163', 'P000181', 'P000253', 'P000279', 'P000290', 'P000292', 'P000296', 'P000317', 'P000372', 'P000394', 'P003569', 'P006457', 'P007111', 'P007777', 'P007982']",['P007777'],8056.301056853166,44.757228093628704,2014.0752642132916,11.189307023407176,446584.6448304021,2092.2510439698635,1410,
258,E000144,habitation,0,6,24451.7222064236,121.879570006331,1.0,0.9640802264434002,0.07117791789899741,0.06721528778772581,0.7142857142857143,0.3694824043492711,1.0,"['P000147', 'P000149', 'P000181', 'P000256', 'P000334', 'P000342', 'P000394', 'P000395', 'P005117', 'P007111', 'P007737', 'P007982', 'P008002', 'P008006']","['P008006', 'P008002', 'P007737']",24451.7222064236,121.879570006331,4075.2870344039334,20.313261667721832,471036.3670368257,2214.1306139761946,1416,
259,E000367,habitation,0,3,3565.844468595045,14.26337787438018,1.0,0.9674970699470336,0.0207600415777319,0.015732202675177543,0.2857142857142857,0.053882371829250014,1.0,"['P000046', 'P000084', 'P000134', 'P000142', 'P000163', 'P000181', 'P000233', 'P000279', 'P000290', 'P000292', 'P000296', 'P000317', 'P000328', 'P000339', 'P000355', 'P000372', 'P000380', 'P000394', 'P000396', 'P004282', 'P004284', 'P006950', 'P007111', 'P007564', 'P007982', 'P008033']",['P007564'],3565.844468595045,14.26337787438018,1188.614822865015,4.754459291460059,474602.21150542074,2228.393991850575,1419,
260,E000004,habitation,0,2,0.0,0.0,1.0,0.9714285714285714,0.0,0.0,0.14285714285714285,0.0,1.0,"['P000308', 'P000378', 'P007111', 'P007393', 'P007983']",[],0.0,0.0,0.0,0.0,474602.21150542074,2228.393991850575,1421,
261,E000009,habitation,0,2,0.0,0.0,1.0,0.9714285714285714,0.0,0.0,0.14285714285714285,0.0,1.0,"['P000352', 'P007111', 'P007286', 'P007982']",[],0.0,0.0,0.0,0.0,474602.21150542074,2228.393991850575,1423,
262,E000019,habitation,0,2,0.0,0.0,1.0,0.9714285714285714,0.0,0.0,0.14285714285714285,0.0,1.0,"['P000170', 'P000241', 'P007111', 'P007215', 'P007982']",[],0.0,0.0,0.0,0.0,474602.21150542074,2228.393991850575,1425,
263,E000023,habitation,0,2,0.0,0.0,1.0,0.9714285714285714,0.0,0.0,0.14285714285714285,0.0,1.0,"['P000241', 'P000298', 'P007111', 'P007122', 'P007982']",[],0.0,0.0,0.0,0.0,474602.21150542074,2228.393991850575,1427,
264,E000039,habitation,0,2,0.0,0.0,1.0,0.9714285714285714,0.0,0.0,0.14285714285714285,0.0,1.0,"['P000015', 'P000020', 'P000160', 'P000348', 'P007111', 'P007193', 'P007983']",[],0.0,0.0,0.0,0.0,474602.21150542074,2228.393991850575,1429,
265,E000040,habitation,0,2,0.0,0.0,1.0,0.9714285714285714,0.0,0.0,0.14285714285714285,0.0,1.0,"['P000160', 'P000187', 'P000308', 'P007111', 'P007239', 'P007983']",[],0.0,0.0,0.0,0.0,474602.21150542074,2228.393991850575,1431,
266,E000041,habitation,0,2,0.0,0.0,1.0,0.9714285714285714,0.0,0.0,0.14285714285714285,0.0,1.0,"['P000160', 'P000187', 'P000308', 'P007111', 'P007226', 'P007983']",[],0.0,0.0,0.0,0.0,474602.21150542074,2228.393991850575,1433,
267,E000058,habitation,0,2,0.0,0.0,1.0,0.9714285714285714,0.0,0.0,0.14285714285714285,0.0,1.0,"['P000020', 'P000148', 'P000160', 'P000348', 'P007111', 'P007315', 'P007983', 'P007986']",[],0.0,0.0,0.0,0.0,474602.21150542074,2228.393991850575,1435,
268,E000071,habitation,0,2,0.0,0.0,1.0,0.9714285714285714,0.0,0.0,0.14285714285714285,0.0,1.0,"['P000020', 'P000160', 'P000306', 'P000348', 'P007111', 'P007322', 'P007983']",[],0.0,0.0,0.0,0.0,474602.21150542074,2228.393991850575,1437,
269,E000077,habitation,0,2,0.0,0.0,1.0,0.9714285714285714,0.0,0.0,0.14285714285714285,0.0,1.0,"['P000160', 'P000277', 'P000308', 'P000347', 'P007111', 'P007298', 'P007983']",[],0.0,0.0,0.0,0.0,474602.21150542074,2228.393991850575,1439,
270,E000084,habitation,0,2,0.0,0.0,1.0,0.9714285714285714,0.0,0.0,0.14285714285714285,0.0,1.0,"['P000126', 'P000181', 'P000231', 'P000381', 'P000394', 'P000395', 'P007111', 'P007283', 'P007982']",[],0.0,0.0,0.0,0.0,474602.21150542074,2228.393991850575,1441,
271,E000097,habitation,0,2,0.0,0.0,1.0,0.9714285714285714,0.0,0.0,0.14285714285714285,0.0,1.0,"['P000103', 'P000181', 'P000256', 'P000267', 'P000334', 'P000394', 'P000395', 'P007111', 'P007142', 'P007982']",[],0.0,0.0,0.0,0.0,474602.21150542074,2228.393991850575,1443,
272,E000113,habitation,0,2,0.0,0.0,1.0,0.9714285714285714,0.0,0.0,0.14285714285714285,0.0,1.0,"['P000181', 'P000256', 'P000299', 'P000334', 'P000342', 'P000394', 'P000395', 'P007111', 'P007182', 'P007982', 'P007993']",[],0.0,0.0,0.0,0.0,474602.21150542074,2228.393991850575,1445,
273,E000130,habitation,0,2,0.0,0.0,1.0,0.9714285714285714,0.0,0.0,0.14285714285714285,0.0,1.0,"['P000009', 'P000046', 'P000163', 'P000181', 'P000279', 'P000290', 'P000292', 'P000317', 'P000323', 'P000326', 'P000394', 'P007111', 'P007370', 'P007982']",[],0.0,0.0,0.0,0.0,474602.21150542074,2228.393991850575,1447,
274,E000139,habitation,0,2,0.0,0.0,1.0,0.9714285714285714,0.0,0.0,0.14285714285714285,0.0,1.0,"['P000046', 'P000163', 'P000181', 'P000279', 'P000290', 'P000292', 'P000317', 'P000394', 'P007111', 'P007204', 'P007982']",[],0.0,0.0,0.0,0.0,474602.21150542074,2228.393991850575,1449,
275,E000155,habitation,0,2,0.0,0.0,1.0,0.9714285714285714,0.0,0.0,0.14285714285714285,0.0,1.0,"['P000046', 'P000163', 'P000181', 'P000279', 'P000290', 'P000292', 'P000317', 'P000394', 'P007111', 'P007327', 'P007982']",[],0.0,0.0,0.0,0.0,474602.21150542074,2228.393991850575,1451,
276,E000158,habitation,0,2,0.0,0.0,1.0,0.9714285714285714,0.0,0.0,0.14285714285714285,0.0,1.0,"['P000046', 'P000163', 'P000166', 'P000181', 'P000279', 'P000290', 'P000292', 'P000317', 'P000394', 'P000403', 'P007111', 'P007380', 'P007982']",[],0.0,0.0,0.0,0.0,474602.21150542074,2228.393991850575,1453,
277,E000186,habitation,0,2,0.0,0.0,1.0,0.9714285714285714,0.0,0.0,0.14285714285714285,0.0,1.0,"['P000046', 'P000134', 'P000163', 'P000181', 'P000279', 'P000290', 'P000292', 'P000317', 'P000372', 'P000394', 'P007111', 'P007410', 'P007982']",[],0.0,0.0,0.0,0.0,474602.21150542074,2228.393991850575,1455,
278,E000190,habitation,0,2,0.0,0.0,1.0,0.9714285714285714,0.0,0.0,0.14285714285714285,0.0,1.0,"['P000046', 'P000151', 'P000163', 'P000181', 'P000279', 'P000290', 'P000292', 'P000317', 'P000394', 'P007111', 'P007220', 'P007982']",[],0.0,0.0,0.0,0.0,474602.21150542074,2228.393991850575,1457,
279,E000202,habitation,0,2,0.0,0.0,1.0,0.9714285714285714,0.0,0.0,0.14285714285714285,0.0,1.0,"['P000046', 'P000084', 'P000134', 'P000153', 'P000163', 'P000181', 'P000253', 'P000266', 'P000279', 'P000290', 'P000292', 'P000296', 'P000317', 'P000372', 'P000394', 'P007111', 'P007208', 'P007982']",[],0.0,0.0,0.0,0.0,474602.21150542074,2228.393991850575,1459,
280,E000205,habitation,0,2,0.0,0.0,1.0,0.9714285714285714,0.0,0.0,0.14285714285714285,0.0,1.0,"['P000046', 'P000084', 'P000134', 'P000141', 'P000153', 'P000163', 'P000181', 'P000253', 'P000279', 'P000290', 'P000292', 'P000296', 'P000317', 'P000372', 'P000394', 'P007111', 'P007202', 'P007982']",[],0.0,0.0,0.0,0.0,474602.21150542074,2228.393991850575,1461,
281,E000207,habitation,0,2,0.0,0.0,1.0,0.9714285714285714,0.0,0.0,0.14285714285714285,0.0,1.0,"['P000046', 'P000084', 'P000134', 'P000153', 'P000163', 'P000181', 'P000253', 'P000279', 'P000290', 'P000292', 'P000296', 'P000317', 'P000372', 'P000394', 'P007111', 'P007139', 'P007982']",[],0.0,0.0,0.0,0.0,474602.21150542074,2228.393991850575,1463,
282,E000249,habitation,0,2,0.0,0.0,1.0,0.9714285714285714,0.0,0.0,0.14285714285714285,0.0,1.0,"['P000046', 'P000115', 'P000163', 'P000181', 'P000279', 'P000290', 'P000292', 'P000317', 'P000391', 'P000394', 'P007111', 'P007118', 'P007982']",[],0.0,0.0,0.0,0.0,474602.21150542074,2228.393991850575,1465,
283,E000255,habitation,0,2,0.0,0.0,1.0,0.9714285714285714,0.0,0.0,0.14285714285714285,0.0,1.0,"['P000046', 'P000163', 'P000181', 'P000206', 'P000240', 'P000279', 'P000290', 'P000292', 'P000317', 'P000394', 'P007111', 'P007386', 'P007982']",[],0.0,0.0,0.0,0.0,474602.21150542074,2228.393991850575,1467,
284,E000263,habitation,0,2,0.0,0.0,1.0,0.9714285714285714,0.0,0.0,0.14285714285714285,0.0,1.0,"['P000046', 'P000064', 'P000084', 'P000134', 'P000142', 'P000163', 'P000181', 'P000233', 'P000252', 'P000279', 'P000290', 'P000292', 'P000296', 'P000317', 'P000372', 'P000380', 'P000394', 'P007111', 'P007363', 'P007982']",[],0.0,0.0,0.0,0.0,474602.21150542074,2228.393991850575,1469,
285,E000273,habitation,0,2,0.0,0.0,1.0,0.9714285714285714,0.0,0.0,0.14285714285714285,0.0,1.0,"['P000046', 'P000115', 'P000163', 'P000181', 'P000216', 'P000264', 'P000279', 'P000290', 'P000292', 'P000314', 'P000317', 'P000353', 'P000394', 'P007111', 'P007228', 'P007982']",[],0.0,0.0,0.0,0.0,474602.21150542074,2228.393991850575,1471,
286,E000277,habitation,0,2,0.0,0.0,1.0,0.9714285714285714,0.0,0.0,0.14285714285714285,0.0,1.0,"['P000046', 'P000064', 'P000068', 'P000084', 'P000134', 'P000142', 'P000163', 'P000181', 'P000233', 'P000252', 'P000279', 'P000290', 'P000292', 'P000296', 'P000317', 'P000372', 'P000380', 'P000394', 'P007111', 'P007377', 'P007982']",[],0.0,0.0,0.0,0.0,474602.21150542074,2228.393991850575,1473,
287,E000306,habitation,0,2,0.0,0.0,1.0,0.9714285714285714,0.0,0.0,0.14285714285714285,0.0,1.0,"['P000046', 'P000084', 'P000134', 'P000142', 'P000163', 'P000181', 'P000233', 'P000279', 'P000290', 'P000292', 'P000296', 'P000317', 'P000328', 'P000339', 'P000355', 'P000372', 'P000380', 'P000394', 'P000396', 'P007111', 'P007250', 'P007982']",[],0.0,0.0,0.0,0.0,474602.21150542074,2228.393991850575,1475,
288,E000309,habitation,0,2,0.0,0.0,1.0,0.9714285714285714,0.0,0.0,0.14285714285714285,0.0,1.0,"['P000046', 'P000084', 'P000134', 'P000142', 'P000163', 'P000181', 'P000233', 'P000279', 'P000290', 'P000292', 'P000296', 'P000317', 'P000328', 'P000339', 'P000355', 'P000372', 'P000380', 'P000394', 'P000396', 'P007111', 'P007373', 'P007982']",[],0.0,0.0,0.0,0.0,474602.21150542074,2228.393991850575,1477,
289,E000319,habitation,0,2,0.0,0.0,1.0,0.9714285714285714,0.0,0.0,0.14285714285714285,0.0,1.0,"['P000046', 'P000084', 'P000134', 'P000142', 'P000163', 'P000181', 'P000211', 'P000226', 'P000233', 'P000252', 'P000279', 'P000290', 'P000292', 'P000296', 'P000317', 'P000335', 'P000372', 'P000376', 'P000380', 'P000394', 'P007111', 'P007385', 'P007982']",[],0.0,0.0,0.0,0.0,474602.21150542074,2228.393991850575,1479,
290,E000328,habitation,0,2,0.0,0.0,1.0,0.9714285714285714,0.0,0.0,0.14285714285714285,0.0,1.0,"['P000023', 'P000046', 'P000084', 'P000134', 'P000142', 'P000163', 'P000181', 'P000211', 'P000226', 'P000233', 'P000252', 'P000279', 'P000290', 'P000292', 'P000296', 'P000310', 'P000317', 'P000335', 'P000372', 'P000380', 'P000394', 'P007111', 'P007147', 'P007982']",[],0.0,0.0,0.0,0.0,474602.21150542074,2228.393991850575,1481,
291,E000332,habitation,0,2,0.0,0.0,1.0,0.9714285714285714,0.0,0.0,0.14285714285714285,0.0,1.0,"['P000023', 'P000046', 'P000084', 'P000134', 'P000136', 'P000142', 'P000163', 'P000181', 'P000211', 'P000226', 'P000233', 'P000252', 'P000279', 'P000290', 'P000292', 'P000296', 'P000317', 'P000335', 'P000372', 'P000380', 'P000394', 'P007111', 'P007242', 'P007982']",[],0.0,0.0,0.0,0.0,474602.21150542074,2228.393991850575,1483,
292,E000341,habitation,0,2,0.0,0.0,1.0,0.9714285714285714,0.0,0.0,0.14285714285714285,0.0,1.0,"['P000046', 'P000066', 'P000084', 'P000134', 'P000142', 'P000163', 'P000181', 'P000211', 'P000226', 'P000233', 'P000252', 'P000279', 'P000290', 'P000292', 'P000296', 'P000317', 'P000335', 'P000372', 'P000380', 'P000393', 'P000394', 'P007111', 'P007282', 'P007982']",[],0.0,0.0,0.0,0.0,474602.21150542074,2228.393991850575,1485,
293,E000342,habitation,0,2,0.0,0.0,1.0,0.9714285714285714,0.0,0.0,0.14285714285714285,0.0,1.0,"['P000046', 'P000066', 'P000084', 'P000134', 'P000142', 'P000163', 'P000181', 'P000211', 'P000226', 'P000233', 'P000252', 'P000279', 'P000290', 'P000292', 'P000296', 'P000317', 'P000335', 'P000371', 'P000372', 'P000380', 'P000394', 'P007111', 'P007223', 'P007982']",[],0.0,0.0,0.0,0.0,474602.21150542074,2228.393991850575,1487,
294,E000348,habitation,0,2,0.0,0.0,1.0,0.9714285714285714,0.0,0.0,0.14285714285714285,0.0,1.0,"['P000046', 'P000071', 'P000084', 'P000134', 'P000142', 'P000163', 'P000181', 'P000214', 'P000233', 'P000279', 'P000290', 'P000291', 'P000292', 'P000296', 'P000317', 'P000339', 'P000355', 'P000372', 'P000380', 'P000394', 'P000396', 'P007111', 'P007161', 'P007982']",[],0.0,0.0,0.0,0.0,474602.21150542074,2228.393991850575,1489,
295,E000007,habitation,0,1,0.0,0.0,1.0,1.0,0.0,0.0,0.0,0.0,1.0,"['P000181', 'P007111', 'P007132', 'P007982']",[],0.0,0.0,0.0,0.0,474602.21150542074,2228.393991850575,1490,
296,E000026,habitation,0,1,0.0,0.0,1.0,1.0,0.0,0.0,0.0,0.0,1.0,"['P000181', 'P000381', 'P000394', 'P000395', 'P007111', 'P007243', 'P007982']",[],0.0,0.0,0.0,0.0,474602.21150542074,2228.393991850575,1491,
297,E000032,habitation,0,1,0.0,0.0,1.0,1.0,0.0,0.0,0.0,0.0,1.0,"['P000181', 'P000334', 'P000394', 'P000395', 'P007111', 'P007152', 'P007982']",[],0.0,0.0,0.0,0.0,474602.21150542074,2228.393991850575,1492,
298,E000035,habitation,0,1,0.0,0.0,1.0,1.0,0.0,0.0,0.0,0.0,1.0,"['P000052', 'P000181', 'P000394', 'P000395', 'P007111', 'P007354', 'P007982']",[],0.0,0.0,0.0,0.0,474602.21150542074,2228.393991850575,1493,
299,E000036,habitation,0,1,0.0,0.0,1.0,1.0,0.0,0.0,0.0,0.0,1.0,"['P000020', 'P000148', 'P000160', 'P000348', 'P007111', 'P007402', 'P007983']",[],0.0,0.0,0.0,0.0,474602.21150542074,2228.393991850575,1494,
300,E000046,habitation,0,1,0.0,0.0,1.0,1.0,0.0,0.0,0.0,0.0,1.0,"['P000181', 'P000256', 'P000334', 'P000394', 'P000395', 'P007111', 'P007387', 'P007982']",[],0.0,0.0,0.0,0.0,474602.21150542074,2228.393991850575,1495,
301,E000052,habitation,0,1,0.0,0.0,1.0,1.0,0.0,0.0,0.0,0.0,1.0,"['P000126', 'P000181', 'P000381', 'P000394', 'P000395', 'P007111', 'P007143', 'P007982']",[],0.0,0.0,0.0,0.0,474602.21150542074,2228.393991850575,1496,
302,E000054,habitation,0,1,0.0,0.0,1.0,1.0,0.0,0.0,0.0,0.0,1.0,"['P000123', 'P000181', 'P000334', 'P000394', 'P000395', 'P007111', 'P007168', 'P007982']",[],0.0,0.0,0.0,0.0,474602.21150542074,2228.393991850575,1497,
303,E000080,habitation,0,1,0.0,0.0,1.0,1.0,0.0,0.0,0.0,0.0,1.0,"['P000160', 'P000277', 'P000308', 'P000347', 'P007111', 'P007180', 'P007983']",[],0.0,0.0,0.0,0.0,474602.21150542074,2228.393991850575,1498,
304,E000102,habitation,0,1,0.0,0.0,1.0,1.0,0.0,0.0,0.0,0.0,1.0,"['P000003', 'P000126', 'P000181', 'P000231', 'P000381', 'P000394', 'P000395', 'P007111', 'P007371', 'P007982']",[],0.0,0.0,0.0,0.0,474602.21150542074,2228.393991850575,1499,
305,E000131,habitation,0,1,0.0,0.0,1.0,1.0,0.0,0.0,0.0,0.0,1.0,"['P000009', 'P000046', 'P000163', 'P000181', 'P000279', 'P000290', 'P000292', 'P000317', 'P000323', 'P000326', 'P000394', 'P007111', 'P007407', 'P007982']",[],0.0,0.0,0.0,0.0,474602.21150542074,2228.393991850575,1500,
306,E000133,habitation,0,1,0.0,0.0,1.0,1.0,0.0,0.0,0.0,0.0,1.0,"['P000009', 'P000046', 'P000163', 'P000181', 'P000198', 'P000279', 'P000290', 'P000292', 'P000317', 'P000326', 'P000394', 'P007111', 'P007297', 'P007982']",[],0.0,0.0,0.0,0.0,474602.21150542074,2228.393991850575,1501,
307,E000135,habitation,0,1,0.0,0.0,1.0,1.0,0.0,0.0,0.0,0.0,1.0,"['P000046', 'P000113', 'P000163', 'P000181', 'P000279', 'P000290', 'P000292', 'P000317', 'P000326', 'P000331', 'P000394', 'P007111', 'P007233', 'P007982']",[],0.0,0.0,0.0,0.0,474602.21150542074,2228.393991850575,1502,
308,E000141,habitation,0,1,0.0,0.0,1.0,1.0,0.0,0.0,0.0,0.0,1.0,"['P000046', 'P000163', 'P000181', 'P000279', 'P000290', 'P000292', 'P000317', 'P000394', 'P007111', 'P007186', 'P007982']",[],0.0,0.0,0.0,0.0,474602.21150542074,2228.393991850575,1503,
309,E000203,habitation,0,1,0.0,0.0,1.0,1.0,0.0,0.0,0.0,0.0,1.0,"['P000046', 'P000084', 'P000134', 'P000141', 'P000153', 'P000163', 'P000181', 'P000253', 'P000279', 'P000290', 'P000292', 'P000296', 'P000317', 'P000372', 'P000394', 'P007111', 'P007285', 'P007982']",[],0.0,0.0,0.0,0.0,474602.21150542074,2228.393991850575,1504,
310,E000211,habitation,0,1,0.0,0.0,1.0,1.0,0.0,0.0,0.0,0.0,1.0,"['P000046', 'P000134', 'P000163', 'P000181', 'P000279', 'P000290', 'P000292', 'P000296', 'P000317', 'P000372', 'P000394', 'P007111', 'P007245', 'P007982']",[],0.0,0.0,0.0,0.0,474602.21150542074,2228.393991850575,1505,
311,E000214,habitation,0,1,0.0,0.0,1.0,1.0,0.0,0.0,0.0,0.0,1.0,"['P000046', 'P000115', 'P000163', 'P000181', 'P000279', 'P000290', 'P000292', 'P000314', 'P000317', 'P000353', 'P000394', 'P007111', 'P007127', 'P007982']",[],0.0,0.0,0.0,0.0,474602.21150542074,2228.393991850575,1506,
312,E000216,habitation,0,1,0.0,0.0,1.0,1.0,0.0,0.0,0.0,0.0,1.0,"['P000046', 'P000115', 'P000163', 'P000181', 'P000279', 'P000290', 'P000292', 'P000317', 'P000394', 'P007111', 'P007232', 'P007982']",[],0.0,0.0,0.0,0.0,474602.21150542074,2228.393991850575,1507,
313,E000220,habitation,0,1,0.0,0.0,1.0,1.0,0.0,0.0,0.0,0.0,1.0,"['P000046', 'P000151', 'P000163', 'P000181', 'P000203', 'P000279', 'P000290', 'P000292', 'P000317', 'P000394', 'P007111', 'P007324', 'P007982']",[],0.0,0.0,0.0,0.0,474602.21150542074,2228.393991850575,1508,
314,E000237,habitation,0,1,0.0,0.0,1.0,1.0,0.0,0.0,0.0,0.0,1.0,"['P000046', 'P000084', 'P000134', 'P000153', 'P000163', 'P000181', 'P000253', 'P000279', 'P000290', 'P000292', 'P000296', 'P000317', 'P000372', 'P000394', 'P007111', 'P007313', 'P007982']",[],0.0,0.0,0.0,0.0,474602.21150542074,2228.393991850575,1509,
315,E000241,habitation,0,1,0.0,0.0,1.0,1.0,0.0,0.0,0.0,0.0,1.0,"['P000046', 'P000115', 'P000163', 'P000181', 'P000279', 'P000290', 'P000292', 'P000314', 'P000317', 'P000353', 'P000394', 'P000402', 'P007111', 'P007261', 'P007982']",[],0.0,0.0,0.0,0.0,474602.21150542074,2228.393991850575,1510,
316,E000242,habitation,0,1,0.0,0.0,1.0,1.0,0.0,0.0,0.0,0.0,1.0,"['P000046', 'P000115', 'P000163', 'P000181', 'P000279', 'P000290', 'P000292', 'P000314', 'P000317', 'P000353', 'P000394', 'P000402', 'P007111', 'P007269', 'P007982']",[],0.0,0.0,0.0,0.0,474602.21150542074,2228.393991850575,1511,
317,E000246,habitation,0,1,0.0,0.0,1.0,1.0,0.0,0.0,0.0,0.0,1.0,"['P000046', 'P000115', 'P000163', 'P000181', 'P000279', 'P000290', 'P000292', 'P000317', 'P000391', 'P000394', 'P007111', 'P007214', 'P007982']",[],0.0,0.0,0.0,0.0,474602.21150542074,2228.393991850575,1512,
318,E000280,habitation,0,1,0.0,0.0,1.0,1.0,0.0,0.0,0.0,0.0,1.0,"['P000046', 'P000064', 'P000084', 'P000134', 'P000142', 'P000163', 'P000181', 'P000233', 'P000252', 'P000279', 'P000290', 'P000292', 'P000296', 'P000317', 'P000333', 'P000372', 'P000380', 'P000394', 'P007111', 'P007379', 'P007982']",[],0.0,0.0,0.0,0.0,474602.21150542074,2228.393991850575,1513,
319,E000285,habitation,0,1,0.0,0.0,1.0,1.0,0.0,0.0,0.0,0.0,1.0,"['P000046', 'P000084', 'P000121', 'P000134', 'P000142', 'P000163', 'P000181', 'P000233', 'P000252', 'P000279', 'P000290', 'P000292', 'P000296', 'P000317', 'P000335', 'P000372', 'P000380', 'P000394', 'P007111', 'P007188', 'P007982']",[],0.0,0.0,0.0,0.0,474602.21150542074,2228.393991850575,1514,
320,E000291,habitation,0,1,0.0,0.0,1.0,1.0,0.0,0.0,0.0,0.0,1.0,"['P000046', 'P000084', 'P000134', 'P000142', 'P000163', 'P000181', 'P000233', 'P000279', 'P000290', 'P000292', 'P000296', 'P000317', 'P000339', 'P000355', 'P000372', 'P000380', 'P000394', 'P000396', 'P007111', 'P007218', 'P007982']",[],0.0,0.0,0.0,0.0,474602.21150542074,2228.393991850575,1515,
321,E000310,habitation,0,1,0.0,0.0,1.0,1.0,0.0,0.0,0.0,0.0,1.0,"['P000046', 'P000084', 'P000134', 'P000142', 'P000163', 'P000181', 'P000233', 'P000279', 'P000290', 'P000292', 'P000296', 'P000317', 'P000328', 'P000339', 'P000355', 'P000372', 'P000380', 'P000394', 'P000396', 'P007111', 'P007224', 'P007982']",[],0.0,0.0,0.0,0.0,474602.21150542074,2228.393991850575,1516,
322,E000313,habitation,0,1,0.0,0.0,1.0,1.0,0.0,0.0,0.0,0.0,1.0,"['P000046', 'P000055', 'P000115', 'P000163', 'P000181', 'P000185', 'P000216', 'P000279', 'P000290', 'P000292', 'P000311', 'P000314', 'P000317', 'P000353', 'P000394', 'P007111', 'P007207', 'P007982']",[],0.0,0.0,0.0,0.0,474602.21150542074,2228.393991850575,1517,
323,E000318,habitation,0,1,0.0,0.0,1.0,1.0,0.0,0.0,0.0,0.0,1.0,"['P000046', 'P000084', 'P000134', 'P000142', 'P000163', 'P000181', 'P000211', 'P000226', 'P000233', 'P000252', 'P000262', 'P000279', 'P000290', 'P000292', 'P000296', 'P000317', 'P000335', 'P000372', 'P000380', 'P000394', 'P007111', 'P007238', 'P007982']",[],0.0,0.0,0.0,0.0,474602.21150542074,2228.393991850575,1518,
324,E000320,habitation,0,1,0.0,0.0,1.0,1.0,0.0,0.0,0.0,0.0,1.0,"['P000046', 'P000084', 'P000134', 'P000142', 'P000163', 'P000181', 'P000211', 'P000226', 'P000233', 'P000252', 'P000279', 'P000290', 'P000292', 'P000296', 'P000317', 'P000335', 'P000372', 'P000376', 'P000380', 'P000394', 'P007111', 'P007131', 'P007982']",[],0.0,0.0,0.0,0.0,474602.21150542074,2228.393991850575,1519,
325,E000329,habitation,0,1,0.0,0.0,1.0,1.0,0.0,0.0,0.0,0.0,1.0,"['P000023', 'P000046', 'P000084', 'P000134', 'P000142', 'P000163', 'P000181', 'P000211', 'P000226', 'P000233', 'P000252', 'P000279', 'P000290', 'P000292', 'P000296', 'P000310', 'P000317', 'P000335', 'P000372', 'P000380', 'P000394', 'P007111', 'P007405', 'P007982']",[],0.0,0.0,0.0,0.0,474602.21150542074,2228.393991850575,1520,
326,E000337,habitation,0,1,0.0,0.0,1.0,1.0,0.0,0.0,0.0,0.0,1.0,"['P000046', 'P000066', 'P000084', 'P000134', 'P000142', 'P000163', 'P000181', 'P000211', 'P000226', 'P000233', 'P000252', 'P000279', 'P000290', 'P000292', 'P000296', 'P000317', 'P000335', 'P000369', 'P000372', 'P000380', 'P000394', 'P007111', 'P007162', 'P007982']",[],0.0,0.0,0.0,0.0,474602.21150542074,2228.393991850575,1521,
327,E000339,habitation,0,1,0.0,0.0,1.0,1.0,0.0,0.0,0.0,0.0,1.0,"['P000046', 'P000066', 'P000084', 'P000134', 'P000142', 'P000163', 'P000181', 'P000211', 'P000226', 'P000233', 'P000252', 'P000279', 'P000290', 'P000292', 'P000296', 'P000317', 'P000335', 'P000369', 'P000372', 'P000380', 'P000394', 'P007111', 'P007318', 'P007982']",[],0.0,0.0,0.0,0.0,474602.21150542074,2228.393991850575,1522,
328,E000340,habitation,0,1,0.0,0.0,1.0,1.0,0.0,0.0,0.0,0.0,1.0,"['P000046', 'P000066', 'P000084', 'P000134', 'P000142', 'P000163', 'P000181', 'P000211', 'P000226', 'P000233', 'P000252', 'P000279', 'P000290', 'P000292', 'P000296', 'P000317', 'P000335', 'P000369', 'P000372', 'P000380', 'P000394', 'P007111', 'P007345', 'P007982']",[],0.0,0.0,0.0,0.0,474602.21150542074,2228.393991850575,1523,
329,E000351,habitation,0,1,0.0,0.0,1.0,1.0,0.0,0.0,0.0,0.0,1.0,"['P000046', 'P000084', 'P000134', 'P000142', 'P000163', 'P000181', 'P000233', 'P000279', 'P000290', 'P000292', 'P000296', 'P000317', 'P000339', 'P000355', 'P000372', 'P000380', 'P000388', 'P000394', 'P000396', 'P007111', 'P007163', 'P007982']",[],0.0,0.0,0.0,0.0,474602.21150542074,2228.393991850575,1524,
330,E000352,habitation,0,1,0.0,0.0,1.0,1.0,0.0,0.0,0.0,0.0,1.0,"['P000046', 'P000084', 'P000134', 'P000142', 'P000163', 'P000181', 'P000233', 'P000279', 'P000290', 'P000292', 'P000296', 'P000317', 'P000339', 'P000355', 'P000367', 'P000372', 'P000380', 'P000394', 'P000396', 'P007111', 'P007355', 'P007982']",[],0.0,0.0,0.0,0.0,474602.21150542074,2228.393991850575,1525,
331,E000353,habitation,0,1,0.0,0.0,1.0,1.0,0.0,0.0,0.0,0.0,1.0,"['P000046', 'P000084', 'P000134', 'P000142', 'P000163', 'P000181', 'P000233', 'P000279', 'P000290', 'P000292', 'P000296', 'P000317', 'P000339', 'P000355', 'P000367', 'P000372', 'P000380', 'P000394', 'P000396', 'P007111', 'P007335', 'P007982']",[],0.0,0.0,0.0,0.0,474602.21150542074,2228.393991850575,1526,
332,E000354,habitation,0,1,0.0,0.0,1.0,1.0,0.0,0.0,0.0,0.0,1.0,"['P000046', 'P000084', 'P000134', 'P000142', 'P000163', 'P000181', 'P000233', 'P000279', 'P000290', 'P000292', 'P000296', 'P000317', 'P000339', 'P000355', 'P000367', 'P000372', 'P000380', 'P000394', 'P000396', 'P007111', 'P007307', 'P007982']",[],0.0,0.0,0.0,0.0,474602.21150542074,2228.393991850575,1527,
333,E000274,habitation,0,4,10580.306905273364,42.321227621093456,1.0,1.0044689447676758,0.07993787106510274,0.06079715507789691,0.42857142857142855,0.15987574213020547,1.0,"['P000046', 'P000163', 'P000181', 'P000279', 'P000290', 'P000292', 'P000317', 'P000394', 'P000398', 'P005781', 'P007111', 'P007539', 'P007982']","['P005781', 'P007539']",10580.306905273364,42.321227621093456,2645.076726318341,10.580306905273364,485182.5184106941,2270.715219471668,1531,
334,E000107,habitation,0,2,2551.8563928878502,10.2074255715514,1.0,1.0110749934810366,0.03856031193379765,0.029327241684756544,0.14285714285714285,0.03856031193379765,1.0,"['P000181', 'P000365', 'P000394', 'P000395', 'P001391', 'P005500', 'P007111', 'P007689', 'P007982', 'P007990']",['P007689'],2551.8563928878502,10.2074255715514,1275.9281964439251,5.1037127857757,487734.3748035819,2280.9226450432197,1533,
335,E000293,habitation,0,4,11380.54463315601,51.75462211075655,1.0,1.013975912501184,0.08598394334690304,0.07434883067752374,0.42857142857142855,0.17196788669380608,1.0,"['P000046', 'P000084', 'P000134', 'P000153', 'P000163', 'P000181', 'P000253', 'P000266', 'P000279', 'P000290', 'P000292', 'P000296', 'P000317', 'P000372', 'P000394', 'P003849', 'P006709', 'P007111', 'P007713', 'P007982', 'P008025']","['P007713', 'P003849']",11380.54463315601,51.75462211075655,2845.1361582890027,12.938655527689138,499114.91943673795,2332.677267153976,1537,
336,E000380,habitation,0,4,11723.021386204478,60.59987882471439,1.0,1.0201167229868873,0.08857147344154884,0.08705560867926283,0.42857142857142855,0.17714294688309767,1.0,"['P000023', 'P000046', 'P000084', 'P000134', 'P000136', 'P000142', 'P000163', 'P000181', 'P000211', 'P000226', 'P000233', 'P000252', 'P000279', 'P000290', 'P000292', 'P000296', 'P000317', 'P000335', 'P000372', 'P000380', 'P000394', 'P004185', 'P004196', 'P004862', 'P007111', 'P007463', 'P007982', 'P008031', 'P008032', 'P008035']","['P004185', 'P007463']",11723.021386204478,60.59987882471439,2930.7553465511196,15.149969706178597,510837.9408229424,2393.2771459786904,1541,
337,E000252,habitation,0,5,18187.61964111698,90.68561810479261,1.0,1.0214149000176007,0.1099309959054671,0.10422056064373798,0.5714285714285714,0.2748274897636677,1.0,"['P000046', 'P000163', 'P000181', 'P000279', 'P000290', 'P000292', 'P000317', 'P000394', 'P005820', 'P007111', 'P007698', 'P007982', 'P007988']","['P007988', 'P007698']",18187.61964111698,90.68561810479261,3637.523928223396,18.137123620958523,529025.5604640594,2483.962764083483,1546,
338,E000145,habitation,0,3,8015.062747545303,39.2031539652372,1.0,1.034015054555047,0.08074208788438171,0.07509045665393245,0.2857142857142857,0.12111313182657256,1.0,"['P000147', 'P000149', 'P000181', 'P000256', 'P000334', 'P000342', 'P000394', 'P000395', 'P005117', 'P007111', 'P007638', 'P007982', 'P008002', 'P008007']","['P008007', 'P007638']",8015.062747545303,39.2031539652372,2671.687582515101,13.067717988412399,537040.6232116047,2523.16591804872,1549,
339,E000184,habitation,0,6,28331.434193366385,126.44780068754892,1.0,1.0361754409895572,0.14270251035975662,0.12110024495647786,0.7142857142857143,0.4281075310792698,1.0,"['P000046', 'P000163', 'P000181', 'P000279', 'P000290', 'P000292', 'P000294', 'P000317', 'P000326', 'P000331', 'P000349', 'P000394', 'P005000', 'P007111', 'P007593', 'P007982', 'P008028']","['P005000', 'P007593', 'P008028']",28331.434193366385,126.44780068754892,4721.905698894398,21.07463344792482,565372.0574049711,2649.6137187362688,1555,
340,E000360,habitation,0,2,5379.8362692415,21.519345076966,1.0,1.0550113544950328,0.08129304034226956,0.06182783597548564,0.14285714285714285,0.08129304034226956,1.0,"['P000046', 'P000084', 'P000134', 'P000142', 'P000163', 'P000181', 'P000233', 'P000279', 'P000290', 'P000292', 'P000296', 'P000317', 'P000328', 'P000339', 'P000355', 'P000372', 'P000380', 'P000394', 'P000396', 'P004282', 'P006950', 'P007111', 'P007528', 'P007982', 'P008033']",['P007528'],5379.8362692415,21.519345076966,2689.91813462075,10.759672538483,570751.8936742126,2671.133063813235,1557,
341,E000316,habitation,0,5,25375.117681493197,101.50047072597279,1.0,1.0664146568507882,0.1533742190010775,0.11664954361826357,0.5714285714285714,0.3834355475026937,1.0,"['P000046', 'P000115', 'P000163', 'P000181', 'P000279', 'P000290', 'P000292', 'P000317', 'P000394', 'P005726', 'P007111', 'P007662', 'P007982', 'P007994', 'P007995', 'P007996']","['P005726', 'P007996', 'P007994', 'P007995', 'P007662']",25375.1176814932,101.50047072597279,5075.0235362986405,20.300094145194556,596127.0113557058,2772.6335345392076,1562,
342,E000315,habitation,0,4,2583.62188073694,10.33448752294776,1.0,0.9363077000026511,0.019520155193266733,0.01484615347665598,0.42857142857142855,0.03904031038653347,1.0,"['P000046', 'P000115', 'P000163', 'P000181', 'P000279', 'P000290', 'P000292', 'P000317', 'P000394', 'P003330', 'P005726', 'P007111', 'P007770', 'P007982', 'P007994', 'P007995']","['P007770', 'P003330']",2583.62188073694,10.33448752294776,645.905470184235,2.58362188073694,598710.6332364427,2782.9680220621553,1566,
343,E000301,habitation,0,3,8361.11578877827,45.85557793460031,1.0,1.0408008647391052,0.08422815479963412,0.08783263434091129,0.2857142857142857,0.12634223219945118,1.0,"['P000046', 'P000115', 'P000163', 'P000181', 'P000279', 'P000290', 'P000292', 'P000317', 'P000394', 'P003202', 'P005726', 'P007111', 'P007597', 'P007982', 'P007994']","['P007597', 'P003202']",8361.11578877827,45.85557793460031,2787.0385962594232,15.28519264486677,607071.749025221,2828.8235999967555,1569,
344,E000372,habitation,0,5,24015.793920276785,125.82532076446986,1.0,1.0669959443986643,0.1451580907898484,0.1446049081134088,0.5714285714285714,0.362895226974621,1.0,"['P000046', 'P000084', 'P000134', 'P000142', 'P000163', 'P000181', 'P000233', 'P000279', 'P000290', 'P000292', 'P000296', 'P000317', 'P000328', 'P000339', 'P000355', 'P000372', 'P000380', 'P000394', 'P000396', 'P004261', 'P004269', 'P004271', 'P006950', 'P007111', 'P007610', 'P007982', 'P008033']","['P004271', 'P004269', 'P004261', 'P007610']",24015.79392027678,125.82532076446986,4803.158784055357,25.165064152893972,631087.5429454978,2954.6489207612253,1574,
345,E000369,habitation,0,3,7420.66194286908,41.225899682606,1.0,1.0300876857113024,0.07475421685687002,0.0789648617527338,0.2857142857142857,0.11213132528530502,1.0,"['P000046', 'P000084', 'P000134', 'P000142', 'P000163', 'P000181', 'P000233', 'P000279', 'P000290', 'P000292', 'P000296', 'P000317', 'P000328', 'P000339', 'P000355', 'P000372', 'P000380', 'P000394', 'P000396', 'P004269', 'P004271', 'P006950', 'P007111', 'P007507', 'P007982', 'P008033']",['P007507'],7420.66194286908,41.225899682606,2473.55398095636,13.741966560868667,638508.2048883669,2995.874820443831,1577,
346,E000129,habitation,0,5,25294.294953511817,106.82662488160608,1.0,1.0677868945151259,0.15288570411270236,0.12277063297924286,0.5714285714285714,0.38221426028175587,1.0,"['P000147', 'P000181', 'P000256', 'P000334', 'P000342', 'P000394', 'P000395', 'P005317', 'P007111', 'P007485', 'P007982', 'P007987', 'P007999']","['P007999', 'P007485']",25294.294953511817,106.82662488160608,5058.858990702363,21.365324976321215,663802.4998418787,3102.7014453254374,1582,
347,E000227,habitation,0,2,6576.851624644834,26.30740649857934,1.0,1.0736085514673501,0.09938076879851844,0.07558454999987908,0.14285714285714285,0.09938076879851844,1.0,"['P000181', 'P000265', 'P000381', 'P000394', 'P000395', 'P000494', 'P000719', 'P000732', 'P000744', 'P005100', 'P007111', 'P007686', 'P007982', 'P008001', 'P008003', 'P008004']","['P000744', 'P007686']",6576.851624644834,26.30740649857934,3288.425812322417,13.15370324928967,670379.3514665235,3129.008851824017,1584,
348,E000146,habitation,0,2,6388.306553880195,30.2063918004498,1.0,1.074689999833479,0.09653172260511693,0.08678683440271204,0.14285714285714285,0.09653172260511693,1.0,"['P000181', 'P000265', 'P000381', 'P000394', 'P000395', 'P000644', 'P000719', 'P000732', 'P005100', 'P007111', 'P007802', 'P007982', 'P008001']","['P000644', 'P007802']",6388.306553880195,30.2063918004498,3194.1532769400974,15.1031959002249,676767.6580204037,3159.2152436244664,1586,
349,E000226,habitation,0,2,6195.87427323843,34.4215237402135,1.0,1.0759969564004495,0.09362393798668811,0.09889744860842485,0.14285714285714285,0.09362393798668811,1.0,"['P000181', 'P000265', 'P000381', 'P000394', 'P000395', 'P000494', 'P000719', 'P000732', 'P000744', 'P005100', 'P007111', 'P007458', 'P007982', 'P008001', 'P008003', 'P008004']",['P007458'],6195.87427323843,34.4215237402135,3097.937136619215,17.21076187010675,682963.5322936422,3193.63676736468,1588,
350,E000303,habitation,0,4,19144.575878621086,93.55782665686753,1.0,1.084785749654697,0.14464387960414724,0.13440181241750118,0.42857142857142855,0.28928775920829447,1.0,"['P000181', 'P000265', 'P000381', 'P000394', 'P000395', 'P000476', 'P000494', 'P000719', 'P000732', 'P005100', 'P007111', 'P007567', 'P007982', 'P008001', 'P008003', 'P008004', 'P008010', 'P008012', 'P008013', 'P008016', 'P008020']","['P007567', 'P008020', 'P008016', 'P000476']",19144.575878621086,93.55782665686753,4786.143969655272,23.389456664216883,702108.1081722633,3287.194594021548,1592,
351,E000371,habitation,0,6,25408.65070000857,117.77546029431393,1.0,1.0189620076255856,0.12798075152137495,0.11279466320451206,0.7142857142857143,0.3839422545641249,1.0,"['P000181', 'P000265', 'P000381', 'P000394', 'P000395', 'P000462', 'P000464', 'P000470', 'P000476', 'P000494', 'P000719', 'P000732', 'P005100', 'P007111', 'P007616', 'P007982', 'P008001', 'P008003', 'P008004', 'P008010', 'P008012', 'P008013', 'P008016', 'P008017', 'P008018', 'P008019']","['P008017', 'P000462', 'P008019', 'P000470', 'P007616', 'P000464', 'P008018']",25408.65070000857,117.77546029431394,4234.775116668095,19.629243382385656,727516.7588722719,3404.970054315862,1598,
352,E000358,habitation,0,4,4324.98673122846,17.29994692491384,1.0,0.9511505499380146,0.03267676777002605,0.02485248219758984,0.42857142857142855,0.0653535355400521,1.0,"['P000181', 'P000265', 'P000381', 'P000394', 'P000395', 'P000464', 'P000470', 'P000476', 'P000494', 'P000629', 'P000719', 'P000732', 'P005100', 'P007111', 'P007544', 'P007982', 'P008001', 'P008003', 'P008004', 'P008010', 'P008012', 'P008013', 'P008016', 'P008019']","['P000629', 'P007544']",4324.98673122846,17.29994692491384,1081.246682807115,4.32498673122846,731841.7456035003,3422.270001240776,1602,
353,E000327,habitation,0,3,5798.312183329945,28.1744986085552,1.0,1.0086962820193393,0.058411000217170966,0.05396596325867053,0.2857142857142857,0.08761650032575645,1.0,"['P000181', 'P000265', 'P000381', 'P000394', 'P000395', 'P000470', 'P000476', 'P000494', 'P000633', 'P000719', 'P000732', 'P005100', 'P007111', 'P007677', 'P007982', 'P008001', 'P008003', 'P008004', 'P008010', 'P008012', 'P008013', 'P008016', 'P008019']","['P007677', 'P000633']",5798.312183329945,28.1744986085552,1932.7707277766483,9.391499536185067,737640.0577868302,3450.444499849331,1605,
354,E000317,habitation,0,2,4124.042149601445,16.49616859840578,1.0,1.0355009526491397,0.062317124176724775,0.04739560626396107,0.14285714285714285,0.062317124176724775,1.0,"['P000181', 'P000265', 'P000381', 'P000394', 'P000395', 'P000470', 'P000476', 'P000494', 'P000635', 'P000719', 'P000732', 'P005100', 'P007111', 'P007584', 'P007982', 'P008001', 'P008003', 'P008004', 'P008010', 'P008012', 'P008013', 'P008016']","['P007584', 'P000635']",4124.042149601445,16.49616859840578,2062.0210748007225,8.24808429920289,741764.0999364316,3466.9406684477367,1607,
355,E000370,habitation,0,2,5163.872133712144,23.50388512095282,1.0,1.054111212096859,0.07802967314976825,0.06752967382824336,0.14285714285714285,0.07802967314976825,1.0,"['P000181', 'P000265', 'P000381', 'P000394', 'P000395', 'P000462', 'P000464', 'P000470', 'P000476', 'P000494', 'P000621', 'P000719', 'P000732', 'P005100', 'P007111', 'P007533', 'P007982', 'P008001', 'P008003', 'P008004', 'P008010', 'P008012', 'P008013', 'P008016', 'P008017', 'P008019']","['P007533', 'P000621']",5163.872133712144,23.50388512095282,2581.936066856072,11.75194256047641,746927.9720701438,3490.4445535686896,1609,
356,E000363,habitation,0,2,5935.423168169732,30.61384703304593,1.0,1.0695664966542293,0.0896883419700228,0.08795750549879813,0.14285714285714285,0.0896883419700228,1.0,"['P000181', 'P000265', 'P000381', 'P000394', 'P000395', 'P000462', 'P000464', 'P000470', 'P000476', 'P000494', 'P000627', 'P000719', 'P000732', 'P005100', 'P007111', 'P007645', 'P007982', 'P008001', 'P008003', 'P008004', 'P008010', 'P008012', 'P008013', 'P008016', 'P008019']","['P000627', 'P007645']",5935.423168169732,30.61384703304593,2967.711584084866,15.306923516522964,752863.3952383135,3521.0584006017357,1611,
357,E000109,habitation,0,6,36688.070974921386,199.4460548148501,1.0,1.0992402919299071,0.18479402746240275,0.19101135774882444,0.7142857142857143,0.5543820823872083,1.0,"['P000181', 'P000365', 'P000394', 'P000395', 'P005500', 'P007111', 'P007572', 'P007982', 'P007991', 'P007997']","['P007997', 'P007572', 'P007991']",36688.070974921386,199.4460548148501,6114.678495820231,33.24100913580835,789551.4662132348,3720.5044554165856,1617,
358,E000108,habitation,0,6,4435.642079364231,24.642455996467948,1.0,0.8865648219444167,0.02234187141612668,0.02360031128477622,0.7142857142857143,0.06702561424838004,1.0,"['P000181', 'P000365', 'P000394', 'P000395', 'P005500', 'P007111', 'P007476', 'P007982', 'P007991', 'P007997']",['P007476'],4435.642079364231,24.642455996467948,739.2736798940385,4.107075999411324,793987.1082925991,3745.1469114130537,1623,
359,E000067,habitation,0,4,21125.102689788964,112.36455543632434,1.0,1.106358078291931,0.1596074433541939,0.16141888329147316,0.42857142857142855,0.3192148867083878,1.0,"['P000020', 'P000160', 'P000348', 'P002851', 'P006193', 'P007111', 'P007624', 'P007983']","['P007624', 'P002851', 'P006193']",21125.102689788968,112.36455543632434,5281.275672447242,28.091138859081084,815112.2109823881,3857.511466849378,1627,
360,E000229,habitation,0,1,3419.7201580865312,18.99844532270295,1.0,1.110262479683184,0.10334866522240677,0.10916993588793002,0.0,0.05167433261120338,1.0,"['P000181', 'P000265', 'P000381', 'P000394', 'P000395', 'P000494', 'P000719', 'P000732', 'P005100', 'P007111', 'P007731', 'P007982', 'P008001', 'P008003', 'P008004', 'P008010', 'P008011', 'P008012']",['P007731'],3419.7201580865312,18.99844532270295,3419.7201580865312,18.99844532270295,818531.9311404746,3876.509912172081,1628,
361,E000275,habitation,0,1,4524.92301736397,18.09969206945588,1.0,1.133763707100212,0.13674942172472304,0.10400546935556579,0.0,0.06837471086236152,1.0,"['P000181', 'P000265', 'P000381', 'P000394', 'P000395', 'P000476', 'P000494', 'P000717', 'P000719', 'P000732', 'P005100', 'P007111', 'P007618', 'P007982', 'P008001', 'P008003', 'P008004', 'P008010', 'P008012', 'P008013']","['P000717', 'P007618']",4524.92301736397,18.09969206945588,4524.92301736397,18.09969206945588,823056.8541578386,3894.609604241537,1629,
362,E000361,habitation,0,1,6238.4918419134,24.9539673676536,1.0,1.184419445874883,0.188535837746262,0.14339189188395443,0.0,0.094267918873131,1.0,"['P000046', 'P000084', 'P000134', 'P000142', 'P000163', 'P000181', 'P000233', 'P000279', 'P000290', 'P000292', 'P000296', 'P000317', 'P000328', 'P000339', 'P000355', 'P000372', 'P000380', 'P000394', 'P000396', 'P004271', 'P006950', 'P007111', 'P007529', 'P007982', 'P008033']",['P007529'],6238.4918419134,24.9539673676536,6238.4918419134,24.9539673676536,829295.345999752,3919.5635716091906,1630,
363,E000198,habitation,0,2,14319.169334877988,77.24590188421195,1.0,1.2111078116796659,0.21637253480432478,0.22193737469211453,0.14285714285714285,0.21637253480432478,1.0,"['P000181', 'P000265', 'P000381', 'P000394', 'P000395', 'P000494', 'P000719', 'P000732', 'P005100', 'P007111', 'P007695', 'P007982', 'P008001', 'P008003', 'P008004', 'P008010', 'P008014']","['P007695', 'P008014']",14319.169334877988,77.24590188421195,7159.584667438994,38.62295094210597,843614.51533463,3996.8094734934025,1632,
364,E000366,habitation,0,2,15133.065300353626,73.434686240064,1.0,1.2176616023717213,0.22867106476779334,0.21098726376305058,0.14285714285714285,0.22867106476779334,1.0,"['P000046', 'P000084', 'P000134', 'P000142', 'P000163', 'P000181', 'P000233', 'P000252', 'P000279', 'P000290', 'P000292', 'P000296', 'P000317', 'P000372', 'P000380', 'P000394', 'P003802', 'P003870', 'P003881', 'P003903', 'P006712', 'P007111', 'P007478', 'P007982']","['P007478', 'P003903']",15133.065300353626,73.434686240064,7566.532650176813,36.717343120032,858747.5806349836,4070.2441597334664,1634,
365,E000379,habitation,0,2,15726.438201926321,79.9842628426773,1.0,1.230479953604242,0.23763733898348793,0.2298050366296004,0.14285714285714285,0.23763733898348793,1.0,"['P000046', 'P000084', 'P000134', 'P000142', 'P000163', 'P000181', 'P000233', 'P000279', 'P000290', 'P000292', 'P000296', 'P000317', 'P000328', 'P000339', 'P000355', 'P000372', 'P000380', 'P000394', 'P000396', 'P004251', 'P004257', 'P004261', 'P004269', 'P004271', 'P006950', 'P007111', 'P007766', 'P007982', 'P008033']","['P004257', 'P004251', 'P007766']",15726.438201926321,79.98426284267731,7863.219100963161,39.992131421338655,874474.0188369099,4150.228422576144,1636,
366,E000375,habitation,0,1,4664.78165030764,18.65912660123056,1.0,1.137898144115101,0.14097614273298428,0.10722012355120958,0.0,0.07048807136649214,1.0,"['P000046', 'P000084', 'P000134', 'P000142', 'P000163', 'P000181', 'P000233', 'P000279', 'P000290', 'P000292', 'P000296', 'P000317', 'P000328', 'P000339', 'P000355', 'P000372', 'P000380', 'P000394', 'P000396', 'P004257', 'P004261', 'P004269', 'P004271', 'P006950', 'P007111', 'P007768', 'P007982', 'P008033']",['P007768'],4664.78165030764,18.65912660123056,4664.78165030764,18.65912660123056,879138.8004872175,4168.887549177374,1637,
367,E000110,habitation,0,3,26386.031275670037,117.76179174220485,1.0,1.2364624047332495,0.26580743323970496,0.22556314540785827,0.2857142857142857,0.39871114985955747,1.0,"['P000181', 'P000365', 'P000394', 'P000395', 'P005500', 'P007111', 'P007554', 'P007982', 'P007991', 'P007998']","['P007554', 'P007998']",26386.031275670037,117.76179174220485,8795.343758556679,39.25393058073495,905524.8317628875,4286.649340919579,1640,
368,E000188,habitation,0,2,16186.896123339531,81.68989006438206,1.0,1.2375163689555668,0.24459517608261572,0.23470552220300955,0.14285714285714285,0.24459517608261572,1.0,"['P000046', 'P000163', 'P000166', 'P000181', 'P000279', 'P000290', 'P000292', 'P000317', 'P000394', 'P000403', 'P002445', 'P005915', 'P007111', 'P007764', 'P007982']","['P005915', 'P007764', 'P002445']",16186.89612333953,81.68989006438206,8093.448061669765,40.84494503219103,921711.7278862271,4368.339230983961,1642,
369,E000178,habitation,0,1,8038.781084988805,39.7432418457824,1.0,1.250719754423574,0.24294306456163003,0.22837485334117205,0.0,0.12147153228081502,1.0,"['P000181', 'P000265', 'P000381', 'P000394', 'P000395', 'P000494', 'P000719', 'P000732', 'P000750', 'P005100', 'P007111', 'P007727', 'P007982', 'P008001', 'P008003', 'P008004']","['P007727', 'P000750']",8038.781084988805,39.7432418457824,8038.781084988805,39.7432418457824,929750.5089712159,4408.082472829743,1643,
370,E000193,habitation,0,4,47310.27359140587,201.2592987793719,1.0,1.3227231815502143,0.3574454488195987,0.2891218777562039,0.42857142857142855,0.7148908976391974,1.0,"['P000181', 'P000265', 'P000381', 'P000394', 'P000395', 'P000719', 'P000723', 'P000732', 'P005100', 'P007111', 'P007607', 'P007982', 'P008001', 'P008005', 'P008008', 'P008022', 'P008026']","['P007607', 'P008022', 'P008008', 'P008026']",47310.27359140587,201.2592987793719,11827.568397851468,50.314824694842976,977060.7825626218,4609.341771609115,1647,
371,E000175,habitation,0,3,7506.160268461124,40.032854765126,1.0,1.030134230138533,0.07561550934282522,0.07667968113329522,0.2857142857142857,0.11342326401423784,1.0,"['P000181', 'P000265', 'P000381', 'P000394', 'P000395', 'P000719', 'P000723', 'P000732', 'P005100', 'P007111', 'P007595', 'P007982', 'P008001', 'P008005', 'P008008', 'P008022']",['P007595'],7506.160268461124,40.032854765126,2502.0534228203746,13.344284921708665,984566.9428310829,4649.374626374241,1650,
372,E000174,habitation,0,1,11524.23459169503,46.09693836678012,1.0,1.3406741583364332,0.34827828234576624,0.26488482192369606,0.0,0.17413914117288312,1.0,"['P000181', 'P000265', 'P000381', 'P000394', 'P000395', 'P000719', 'P000723', 'P000732', 'P005100', 'P007111', 'P007785', 'P007982', 'P008001', 'P008005', 'P008008', 'P008021']","['P007785', 'P008021']",11524.23459169503,46.09693836678012,11524.23459169503,46.09693836678012,996091.1774227779,4695.471564741021,1651,
373,E000325,habitation,0,3,34976.409075635405,183.80420840136236,1.0,1.347969108965425,0.3523451262224916,0.35206202939721454,0.2857142857142857,0.5285176893337373,1.0,"['P000046', 'P000084', 'P000134', 'P000153', 'P000163', 'P000181', 'P000253', 'P000266', 'P000279', 'P000290', 'P000292', 'P000296', 'P000317', 'P000372', 'P000394', 'P003849', 'P003934', 'P006709', 'P007111', 'P007552', 'P007982', 'P008025', 'P008029']","['P003934', 'P007552', 'P008029']",34976.409075635405,183.80420840136236,11658.803025211802,61.26806946712079,1031067.5864984132,4879.2757731423835,1654,
374,E000326,habitation,0,3,16566.784152841727,88.35618214848921,1.0,1.1354856792547472,0.16689036432559362,0.16923908906949972,0.2857142857142857,0.2503355464883904,1.0,"['P000046', 'P000084', 'P000134', 'P000153', 'P000163', 'P000181', 'P000253', 'P000266', 'P000279', 'P000290', 'P000292', 'P000296', 'P000317', 'P000372', 'P000394', 'P003849', 'P006709', 'P007111', 'P007715', 'P007982', 'P008025', 'P008029', 'P008030']","['P007715', 'P008030']",16566.784152841727,88.35618214848921,5522.261384280576,29.45206071616307,1047634.370651255,4967.631955290873,1657,
375,E000161,habitation,0,2,23928.0456354673,112.49851945047268,1.0,1.3576508019840523,0.36156928980850944,0.32322266236224434,0.14285714285714285,0.36156928980850944,1.0,"['P000181', 'P000265', 'P000381', 'P000394', 'P000395', 'P000604', 'P000719', 'P000732', 'P005100', 'P007111', 'P007580', 'P007982', 'P008001', 'P008005', 'P008009']","['P008009', 'P000604', 'P007580']",23928.0456354673,112.49851945047268,11964.02281773365,56.24925972523634,1071562.4162867223,5080.130474741345,1659,
376,E000185,habitation,0,1,15913.707994995262,73.3584184360238,1.0,1.586065416519872,0.5835461158806216,0.49293241891141915,0.0,0.2970340973001137,1.0,"['P000046', 'P000163', 'P000181', 'P000279', 'P000290', 'P000292', 'P000317', 'P000394', 'P002717', 'P006106', 'P007111', 'P007565', 'P007982']","['P006106', 'P002717', 'P007565']",15913.707994995262,73.3584184360238,15913.707994995262,73.3584184360238,1087476.1242817175,5153.4888931773685,1660,
377,E000257,habitation,0,1,24099.74256796817,131.24459483781158,1.0,1.9281587474367403,0.8837230878990304,0.8818989964849387,0.0,0.4498288696193763,1.0,"['P000181', 'P000265', 'P000381', 'P000394', 'P000395', 'P000719', 'P000732', 'P005100', 'P005193', 'P007111', 'P007648', 'P007982', 'P007992', 'P008001']","['P007648', 'P007992', 'P005193']",24099.74256796817,131.24459483781158,24099.74256796817,131.24459483781158,1111575.8668496856,5284.73348801518,1661,
378,E000183,habitation,0,1,24778.1757075012,127.7508080372744,1.0,1.9397965205242154,0.9086008237217376,0.8584224710163381,0.0,0.4624920261409771,1.0,"['P000046', 'P000163', 'P000181', 'P000279', 'P000290', 'P000292', 'P000294', 'P000317', 'P000326', 'P000331', 'P000349', 'P000394', 'P005000', 'P007111', 'P007530', 'P007982', 'P008027']","['P007530', 'P008027']",24778.1757075012,127.7508080372744,24778.1757075012,127.7508080372744,1136354.0425571867,5412.484296052455,1662,
379,E000176,habitation,0,2,49285.211668308504,271.9267890144091,1.0,1.9700436781753798,0.9036295578767869,0.9136070047133447,0.14285714285714285,0.9199231481905426,1.0,"['P000181', 'P000265', 'P000381', 'P000394', 'P000395', 'P000719', 'P000732', 'P005100', 'P007111', 'P007562', 'P007982', 'P008001', 'P008005', 'P008009', 'P008015', 'P008023']","['P008015', 'P007562', 'P008023']",49285.211668308504,271.9267890144091,24642.605834154252,135.96339450720455,1185639.2542254953,5684.411085066864,1664,
380,E000177,habitation,0,2,22425.603634793206,124.58668685996224,1.0,1.4266774951353187,0.4111667092759741,0.4185805680339135,0.14285714285714285,0.4185805680339136,1.0,"['P000181', 'P000265', 'P000381', 'P000394', 'P000395', 'P000719', 'P000732', 'P005100', 'P007111', 'P007566', 'P007982', 'P008001', 'P008005', 'P008009', 'P008015', 'P008024']","['P008024', 'P007566']",22425.603634793206,124.58668685996224,11212.801817396603,62.29334342998112,1208064.8578602886,5808.997771926826,1666,
381,E000003,habitation,0,1,27270.6947436024,109.08277897440959,1.0,1.9707963183427095,1.0,0.732982515814853,0.0,0.5090156359825369,1.0,"['P007111', 'P007113', 'P007823', 'P007984']","['P007984', 'P007113', 'P007823']",27270.6947436024,109.08277897440959,27270.6947436024,109.08277897440959,1235335.552603891,5918.080550901236,1667,
